기준년도,학교,계열,재적학생수,중도탈락학생수,중도탈락비율_재계산
2010,가야대학교,공학계열,74,9,12.16
2010,가야대학교 _제2캠퍼스,공학계열,173,5,2.89
2010,가야대학교 _제2캠퍼스,예체능계열,203,17,8.37
2010,가야대학교 _제2캠퍼스,의학계열,497,14,2.82
2010,가야대학교 _제2캠퍼스,인문사회계열,1472,132,8.97
2010,가야대학교 _제2캠퍼스,자연과학계열,629,65,10.33
2010,가천대학교,공학계열,5250,138,2.63
2010,가천대학교,예체능계열,1834,60,3.27
2010,가천대학교,의학계열,435,5,1.15
2010,가천대학교,인문사회계열,6642,175,2.63
2010,가천대학교,자연과학계열,2705,94,3.48
2010,가천의과학대학교,공학계열,1361,67,4.92
2010,가천의과학대학교,예체능계열,257,15,5.84
2010,가천의과학대학교,의학계열,773,13,1.68
2010,가천의과학대학교,인문사회계열,956,42,4.39
2010,가천의과학대학교,자연과학계열,1399,40,2.86
2010,가톨릭관동대학교,공학계열,1932,161,8.33
2010,가톨릭관동대학교,예체능계열,1618,201,12.42
2010,가톨릭관동대학교,의학계열,562,10,1.78
2010,가톨릭관동대학교,인문사회계열,8978,595,6.63
2010,가톨릭관동대학교,자연과학계열,249,12,4.82
2010,가톨릭꽃동네대학교,의학계열,173,4,2.31
2010,가톨릭꽃동네대학교,인문사회계열,445,13,2.92
2010,가톨릭대학교,공학계열,1180,35,2.97
2010,가톨릭대학교,예체능계열,272,10,3.68
2010,가톨릭대학교,인문사회계열,6138,161,2.62
2010,가톨릭대학교,자연과학계열,2365,77,3.26
2010,가톨릭대학교 _제2캠퍼스,의학계열,688,4,0.58
2010,가톨릭대학교 _제3캠퍼스,기타,334,5,1.5
2010,감리교신학대학교,기타,34,4,11.76
2010,감리교신학대학교,인문사회계열,1194,32,2.68
2010,강남대학교,공학계열,2151,127,5.9
2010,강남대학교,기타,174,14,8.05
2010,강남대학교,예체능계열,333,27,8.11
2010,강남대학교,인문사회계열,6516,301,4.62
2010,강남대학교,자연과학계열,61,1,1.64
2010,강서대학교,예체능계열,231,31,13.42
2010,강서대학교,인문사회계열,1016,84,8.27
2010,강원대학교,공학계열,5623,213,3.79
2010,강원대학교,기타,107,4,3.74
2010,강원대학교,예체능계열,1029,46,4.47
2010,강원대학교,의학계열,650,5,0.77
2010,강원대학교,인문사회계열,9066,214,2.36
2010,강원대학교,자연과학계열,5968,191,3.2
2010,강원대학교 _제2캠퍼스,공학계열,5324,301,5.65
2010,강원대학교 _제2캠퍼스,예체능계열,977,68,6.96
2010,강원대학교 _제2캠퍼스,의학계열,179,2,1.12
2010,강원대학교 _제2캠퍼스,인문사회계열,2255,121,5.37
2010,강원대학교 _제2캠퍼스,자연과학계열,1180,49,4.15
2010,건국대학교,공학계열,5602,106,1.89
2010,건국대학교,예체능계열,1368,17,1.24
2010,건국대학교,의학계열,551,8,1.45
2010,건국대학교,인문사회계열,10724,144,1.34
2010,건국대학교,자연과학계열,4882,138,2.83
2010,건국대학교(글로컬) _분교,공학계열,2097,87,4.15
2010,건국대학교(글로컬) _분교,예체능계열,1100,26,2.36
2010,건국대학교(글로컬) _분교,의학계열,249,1,0.4
2010,건국대학교(글로컬) _분교,인문사회계열,5551,137,2.47
2010,건국대학교(글로컬) _분교,자연과학계열,2650,88,3.32
2010,건동대학교,공학계열,240,33,13.75
2010,건동대학교,예체능계열,200,15,7.5
2010,건동대학교,의학계열,18,1,5.56
2010,건동대학교,인문사회계열,163,23,14.11
2010,건동대학교,자연과학계열,14,0,0
2010,건양대학교,공학계열,2692,182,6.76
2010,건양대학교,예체능계열,880,59,6.7
2010,건양대학교,의학계열,306,5,1.63
2010,건양대학교,인문사회계열,4876,290,5.95
2010,건양대학교,자연과학계열,799,27,3.38
2010,건양대학교 _제2캠퍼스,공학계열,225,9,4
2010,건양대학교 _제2캠퍼스,의학계열,1027,7,0.68
2010,건양대학교 _제2캠퍼스,자연과학계열,375,8,2.13
2010,경기대학교,공학계열,3350,109,3.25
2010,경기대학교,예체능계열,1111,37,3.33
2010,경기대학교,인문사회계열,8448,266,3.15
2010,경기대학교,자연과학계열,2302,82,3.56
2010,경기대학교 _제2캠퍼스,공학계열,231,12,5.19
2010,경기대학교 _제2캠퍼스,예체능계열,368,17,4.62
2010,경기대학교 _제2캠퍼스,인문사회계열,1187,37,3.12
2010,경남대학교,공학계열,5879,346,5.89
2010,경남대학교,예체능계열,1022,65,6.36
2010,경남대학교,의학계열,88,1,1.14
2010,경남대학교,인문사회계열,12357,493,3.99
2010,경남대학교,자연과학계열,1377,76,5.52
2010,경동대학교,공학계열,944,53,5.61
2010,경동대학교,예체능계열,647,75,11.59
2010,경동대학교,의학계열,48,0,0
2010,경동대학교,인문사회계열,2572,200,7.78
2010,경동대학교,자연과학계열,441,9,2.04
2010,경북대학교,공학계열,9052,204,2.25
2010,경북대학교,예체능계열,665,23,3.46
2010,경북대학교,의학계열,812,16,1.97
2010,경북대학교,인문사회계열,11547,208,1.8
2010,경북대학교,자연과학계열,5852,168,2.87
2010,경북대학교 _제2캠퍼스,공학계열,817,20,2.45
2010,경북대학교 _제2캠퍼스,예체능계열,159,8,5.03
2010,경북대학교 _제2캠퍼스,인문사회계열,366,3,0.82
2010,경북대학교 _제2캠퍼스,자연과학계열,935,19,2.03
2010,경북외국어대학교,인문사회계열,436,19,4.36
2010,경상국립대학교,공학계열,6900,207,3
2010,경상국립대학교,예체능계열,74,5,6.76
2010,경상국립대학교,의학계열,634,13,2.05
2010,경상국립대학교,인문사회계열,8400,177,2.11
2010,경상국립대학교,자연과학계열,5474,188,3.43
2010,경성대학교,공학계열,3692,161,4.36
2010,경성대학교,기타,111,12,10.81
2010,경성대학교,예체능계열,3019,169,5.6
2010,경성대학교,의학계열,119,1,0.84
2010,경성대학교,인문사회계열,10345,375,3.62
2010,경성대학교,자연과학계열,2257,104,4.61
2010,경운대학교(산업대),공학계열,1635,101,6.18
2010,경운대학교(산업대),예체능계열,1310,196,14.96
2010,경운대학교(산업대),의학계열,399,12,3.01
2010,경운대학교(산업대),인문사회계열,2457,261,10.62
2010,경운대학교(산업대),자연과학계열,679,24,3.53
2010,경인교육대학교,인문사회계열,1775,17,0.96
2010,경인교육대학교 _제2캠퍼스,인문사회계열,1738,21,1.21
2010,경일대학교,공학계열,3715,305,8.21
2010,경일대학교,예체능계열,1338,112,8.37
2010,경일대학교,의학계열,69,2,2.9
2010,경일대학교,인문사회계열,2461,221,8.98
2010,경일대학교,자연과학계열,161,22,13.66
2010,경희대학교,공학계열,880,19,2.16
2010,경희대학교,예체능계열,1233,28,2.27
2010,경희대학교,의학계열,1556,9,0.58
2010,경희대학교,인문사회계열,11447,194,1.69
2010,경희대학교,자연과학계열,2627,81,3.08
2010,경희대학교 _분교,공학계열,7506,169,2.25
2010,경희대학교 _분교,예체능계열,2163,65,3.01
2010,경희대학교 _분교,의학계열,360,9,2.5
2010,경희대학교 _분교,인문사회계열,4930,107,2.17
2010,경희대학교 _분교,자연과학계열,3060,94,3.07
2010,계명대학교,공학계열,4448,193,4.34
2010,계명대학교,예체능계열,4863,169,3.48
2010,계명대학교,의학계열,1277,22,1.72
2010,계명대학교,인문사회계열,17096,540,3.16
2010,계명대학교,자연과학계열,3549,103,2.9
2010,고려대학교,공학계열,4933,88,1.78
2010,고려대학교,기타,199,11,5.53
2010,고려대학교,예체능계열,243,5,2.06
2010,고려대학교,의학계열,1310,16,1.22
2010,고려대학교,인문사회계열,16905,174,1.03
2010,고려대학교,자연과학계열,4691,96,2.05
2010,고려대학교(세종) _분교,공학계열,1938,59,3.04
2010,고려대학교(세종) _분교,예체능계열,157,3,1.91
2010,고려대학교(세종) _분교,인문사회계열,6466,164,2.54
2010,고려대학교(세종) _분교,자연과학계열,2214,65,2.94
2010,고신대학교,공학계열,151,10,6.62
2010,고신대학교,기타,483,10,2.07
2010,고신대학교,예체능계열,564,33,5.85
2010,고신대학교,의학계열,795,5,0.63
2010,고신대학교,인문사회계열,2538,97,3.82
2010,고신대학교,자연과학계열,731,38,5.2
2010,공주교육대학교,인문사회계열,2088,29,1.39
2010,광신대학교,기타,241,20,8.3
2010,광신대학교,예체능계열,86,6,6.98
2010,광신대학교,인문사회계열,191,24,12.57
2010,광운대학교,공학계열,6085,172,2.83
2010,광운대학교,예체능계열,795,22,2.77
2010,광운대학교,인문사회계열,4302,150,3.49
2010,광운대학교,자연과학계열,1727,42,2.43
2010,광주가톨릭대학교,기타,159,2,1.26
2010,광주과학기술원,인문사회계열,99,1,1.01
2010,광주교육대학교,인문사회계열,1885,15,0.8
2010,광주대학교,공학계열,1211,119,9.83
2010,광주대학교,예체능계열,955,100,10.47
2010,광주대학교,의학계열,103,1,0.97
2010,광주대학교,인문사회계열,5656,430,7.6
2010,광주대학교,자연과학계열,342,31,9.06
2010,광주대학교(산업대),공학계열,55,15,27.27
2010,광주대학교(산업대),예체능계열,35,12,34.29
2010,광주대학교(산업대),인문사회계열,228,50,21.93
2010,광주대학교(산업대),자연과학계열,33,7,21.21
2010,광주여자대학교,공학계열,193,7,3.63
2010,광주여자대학교,예체능계열,907,69,7.61
2010,광주여자대학교,의학계열,309,14,4.53
2010,광주여자대학교,인문사회계열,2294,106,4.62
2010,광주여자대학교,자연과학계열,626,30,4.79
2010,국립강릉원주대학교,공학계열,1687,89,5.28
2010,국립강릉원주대학교,예체능계열,425,27,6.35
2010,국립강릉원주대학교,의학계열,236,3,1.27
2010,국립강릉원주대학교,인문사회계열,3695,154,4.17
2010,국립강릉원주대학교,자연과학계열,2758,141,5.11
2010,국립강릉원주대학교 _제2캠퍼스,공학계열,1670,89,5.33
2010,국립강릉원주대학교 _제2캠퍼스,예체능계열,255,14,5.49
2010,국립강릉원주대학교 _제2캠퍼스,의학계열,382,5,1.31
2010,국립강릉원주대학교 _제2캠퍼스,인문사회계열,422,26,6.16
2010,국립강릉원주대학교 _제2캠퍼스,자연과학계열,132,9,6.82
2010,국립경국대학교,공학계열,2842,114,4.01
2010,국립경국대학교,예체능계열,653,44,6.74
2010,국립경국대학교,의학계열,202,12,5.94
2010,국립경국대학교,인문사회계열,4360,106,2.43
2010,국립경국대학교,자연과학계열,2298,83,3.61
2010,국립공주대학교,공학계열,6147,195,3.17
2010,국립공주대학교,예체능계열,1416,51,3.6
2010,국립공주대학교,의학계열,720,13,1.81
2010,국립공주대학교,인문사회계열,6800,152,2.24
2010,국립공주대학교,자연과학계열,3808,138,3.62
2010,국립군산대학교,공학계열,4360,315,7.22
2010,국립군산대학교,예체능계열,798,63,7.89
2010,국립군산대학교,의학계열,34,0,0
2010,국립군산대학교,인문사회계열,3481,170,4.88
2010,국립군산대학교,자연과학계열,3562,242,6.79
2010,국립금오공과대학교,공학계열,7297,297,4.07
2010,국립금오공과대학교,인문사회계열,366,12,3.28
2010,국립금오공과대학교,자연과학계열,1247,65,5.21
2010,국립목포대학교,공학계열,3895,199,5.11
2010,국립목포대학교,예체능계열,610,34,5.57
2010,국립목포대학교,의학계열,107,0,0
2010,국립목포대학교,인문사회계열,4914,187,3.81
2010,국립목포대학교,자연과학계열,1844,105,5.69
2010,국립목포해양대학교,공학계열,3104,133,4.28
2010,국립부경대학교,공학계열,11818,388,3.28
2010,국립부경대학교,예체능계열,713,33,4.63
2010,국립부경대학교,의학계열,30,0,0
2010,국립부경대학교,인문사회계열,7511,202,2.69
2010,국립부경대학교,자연과학계열,4723,140,2.96
2010,국립순천대학교,공학계열,3225,188,5.83
2010,국립순천대학교,예체능계열,729,42,5.76
2010,국립순천대학교,의학계열,81,15,18.52
2010,국립순천대학교,인문사회계열,4391,192,4.37
2010,국립순천대학교,자연과학계열,2714,191,7.04
2010,국립창원대학교,공학계열,4804,137,2.85
2010,국립창원대학교,예체능계열,704,32,4.55
2010,국립창원대학교,의학계열,228,5,2.19
2010,국립창원대학교,인문사회계열,5095,113,2.22
2010,국립창원대학교,자연과학계열,1576,53,3.36
2010,국립한국교통대학교,공학계열,1125,46,4.09
2010,국립한국교통대학교,예체능계열,68,4,5.88
2010,국립한국교통대학교,의학계열,81,3,3.7
2010,국립한국교통대학교,인문사회계열,483,19,3.93
2010,국립한국교통대학교,자연과학계열,306,18,5.88
2010,국립한국해양대학교,공학계열,5963,154,2.58
2010,국립한국해양대학교,예체능계열,157,11,7.01
2010,국립한국해양대학교,인문사회계열,2481,67,2.7
2010,국립한국해양대학교,자연과학계열,539,20,3.71
2010,국민대학교,공학계열,5569,199,3.57
2010,국민대학교,예체능계열,2861,137,4.79
2010,국민대학교,인문사회계열,9413,281,2.99
2010,국민대학교,자연과학계열,2200,71,3.23
2010,극동대학교,공학계열,961,72,7.49
2010,극동대학교,예체능계열,1094,89,8.14
2010,극동대학교,의학계열,357,4,1.12
2010,극동대학교,인문사회계열,3612,249,6.89
2010,극동대학교,자연과학계열,201,7,3.48
2010,금강대학교,공학계열,108,13,12.04
2010,금강대학교,인문사회계열,387,10,2.58
2010,김천대학교,공학계열,327,14,4.28
2010,김천대학교,예체능계열,56,6,10.71
2010,김천대학교,의학계열,218,3,1.38
2010,김천대학교,인문사회계열,352,17,4.83
2010,김천대학교,자연과학계열,152,5,3.29
2010,나사렛대학교,공학계열,682,34,4.99
2010,나사렛대학교,예체능계열,1159,28,2.42
2010,나사렛대학교,의학계열,595,18,3.03
2010,나사렛대학교,인문사회계열,4348,163,3.75
2010,나사렛대학교,자연과학계열,432,10,2.31
2010,남부대학교,공학계열,353,50,14.16
2010,남부대학교,예체능계열,924,85,9.2
2010,남부대학교,의학계열,519,16,3.08
2010,남부대학교,인문사회계열,906,77,8.5
2010,남부대학교,자연과학계열,597,60,10.05
2010,남서울대학교(산업대),공학계열,3632,242,6.66
2010,남서울대학교(산업대),예체능계열,1230,57,4.63
2010,남서울대학교(산업대),의학계열,186,4,2.15
2010,남서울대학교(산업대),인문사회계열,10095,521,5.16
2010,남서울대학교(산업대),자연과학계열,730,48,6.58
2010,단국대학교,공학계열,4427,156,3.52
2010,단국대학교,예체능계열,1386,76,5.48
2010,단국대학교,인문사회계열,8171,280,3.43
2010,단국대학교,자연과학계열,2314,80,3.46
2010,단국대학교(천안) _분교,공학계열,4171,155,3.72
2010,단국대학교(천안) _분교,예체능계열,1815,66,3.64
2010,단국대학교(천안) _분교,의학계열,993,9,0.91
2010,단국대학교(천안) _분교,인문사회계열,7038,231,3.28
2010,단국대학교(천안) _분교,자연과학계열,2656,124,4.67
2010,대구가톨릭대학교,공학계열,3925,200,5.1
2010,대구가톨릭대학교,기타,293,16,5.46
2010,대구가톨릭대학교,예체능계열,1697,135,7.96
2010,대구가톨릭대학교,의학계열,933,11,1.18
2010,대구가톨릭대학교,인문사회계열,9337,361,3.87
2010,대구가톨릭대학교,자연과학계열,1944,116,5.97
2010,대구교육대학교,인문사회계열,2242,17,0.76
2010,대구대학교,공학계열,6313,291,4.61
2010,대구대학교,예체능계열,1760,86,4.89
2010,대구대학교,의학계열,255,3,1.18
2010,대구대학교,인문사회계열,14567,434,2.98
2010,대구대학교,자연과학계열,4605,211,4.58
2010,대구예술대학교,예체능계열,1128,101,8.95
2010,대구예술대학교,의학계열,40,3,7.5
2010,대구예술대학교,인문사회계열,435,39,8.97
2010,대구외국어대학교,인문사회계열,535,51,9.53
2010,대구외국어대학교,자연과학계열,10,1,10
2010,대구한의대학교,공학계열,1556,110,7.07
2010,대구한의대학교,예체능계열,890,77,8.65
2010,대구한의대학교,의학계열,1778,28,1.57
2010,대구한의대학교,인문사회계열,3501,244,6.97
2010,대구한의대학교,자연과학계열,2006,94,4.69
2010,대신대학교,기타,256,9,3.52
2010,대신대학교,예체능계열,152,10,6.58
2010,대신대학교,인문사회계열,238,28,11.76
2010,대전가톨릭대학교,기타,174,7,4.02
2010,대전대학교,공학계열,2891,176,6.09
2010,대전대학교,예체능계열,1609,88,5.47
2010,대전대학교,의학계열,866,13,1.5
2010,대전대학교,인문사회계열,7233,356,4.92
2010,대전대학교,자연과학계열,1511,73,4.83
2010,대전신학교,기타,191,28,14.66
2010,대전신학대학교,기타,113,5,4.42
2010,대진대학교,공학계열,3118,211,6.77
2010,대진대학교,예체능계열,1119,90,8.04
2010,대진대학교,인문사회계열,5533,312,5.64
2010,대진대학교,자연과학계열,1562,105,6.72
2010,덕성여자대학교,공학계열,398,13,3.27
2010,덕성여자대학교,예체능계열,717,27,3.77
2010,덕성여자대학교,의학계열,211,3,1.42
2010,덕성여자대학교,인문사회계열,4086,109,2.67
2010,덕성여자대학교,자연과학계열,1535,66,4.3
2010,동국대학교,공학계열,4590,114,2.48
2010,동국대학교,예체능계열,822,32,3.89
2010,동국대학교,인문사회계열,12680,315,2.48
2010,동국대학교,자연과학계열,2399,51,2.13
2010,동국대학교(WISE) _분교,공학계열,1494,69,4.62
2010,동국대학교(WISE) _분교,기타,133,8,6.02
2010,동국대학교(WISE) _분교,예체능계열,682,33,4.84
2010,동국대학교(WISE) _분교,의학계열,1034,7,0.68
2010,동국대학교(WISE) _분교,인문사회계열,7560,356,4.71
2010,동국대학교(WISE) _분교,자연과학계열,1316,51,3.88
2010,동덕여자대학교,공학계열,772,29,3.76
2010,동덕여자대학교,예체능계열,2037,85,4.17
2010,동덕여자대학교,의학계열,327,10,3.06
2010,동덕여자대학교,인문사회계열,4364,203,4.65
2010,동덕여자대학교,자연과학계열,766,32,4.18
2010,동명대학교,공학계열,5673,404,7.12
2010,동명대학교,예체능계열,1079,100,9.27
2010,동명대학교,의학계열,36,0,0
2010,동명대학교,인문사회계열,3738,240,6.42
2010,동명대학교,자연과학계열,270,22,8.15
2010,동명정보대학교,공학계열,1234,138,11.18
2010,동명정보대학교,예체능계열,284,19,6.69
2010,동명정보대학교,인문사회계열,776,56,7.22
2010,동서대학교,공학계열,4175,288,6.9
2010,동서대학교,예체능계열,3590,248,6.91
2010,동서대학교,의학계열,284,2,0.7
2010,동서대학교,인문사회계열,7186,368,5.12
2010,동서대학교,자연과학계열,776,82,10.57
2010,동신대학교,공학계열,2044,193,9.44
2010,동신대학교,예체능계열,716,77,10.75
2010,동신대학교,의학계열,857,15,1.75
2010,동신대학교,인문사회계열,4368,331,7.58
2010,동신대학교,자연과학계열,1155,67,5.8
2010,동아대학교,공학계열,7905,204,2.58
2010,동아대학교,예체능계열,2880,110,3.82
2010,동아대학교,의학계열,480,2,0.42
2010,동아대학교,인문사회계열,12580,281,2.23
2010,동아대학교,자연과학계열,4081,114,2.79
2010,동양대학교,공학계열,2316,191,8.25
2010,동양대학교,예체능계열,491,79,16.09
2010,동양대학교,의학계열,29,0,0
2010,동양대학교,인문사회계열,3140,201,6.4
2010,동양대학교,자연과학계열,215,20,9.3
2010,동의대학교,공학계열,7878,454,5.76
2010,동의대학교,예체능계열,1601,140,8.74
2010,동의대학교,의학계열,730,6,0.82
2010,동의대학교,인문사회계열,11138,500,4.49
2010,동의대학교,자연과학계열,2639,152,5.76
2010,루터대학교,예체능계열,51,4,7.84
2010,루터대학교,인문사회계열,483,34,7.04
2010,루터대학교,자연과학계열,105,6,5.71
2010,명신대학교,공학계열,47,48,102.13
2010,명신대학교,예체능계열,235,65,27.66
2010,명신대학교,인문사회계열,430,67,15.58
2010,명지대학교,공학계열,6106,213,3.49
2010,명지대학교,예체능계열,1716,42,2.45
2010,명지대학교,인문사회계열,549,24,4.37
2010,명지대학교,자연과학계열,2889,102,3.53
2010,명지대학교 _제2캠퍼스,공학계열,124,5,4.03
2010,명지대학교 _제2캠퍼스,예체능계열,189,5,2.65
2010,명지대학교 _제2캠퍼스,인문사회계열,10038,240,2.39
2010,목원대학교,공학계열,3356,219,6.53
2010,목원대학교,기타,583,20,3.43
2010,목원대학교,예체능계열,2453,109,4.44
2010,목원대학교,인문사회계열,6597,399,6.05
2010,목원대학교,자연과학계열,665,58,8.72
2010,목포가톨릭대학교,의학계열,417,3,0.72
2010,목포가톨릭대학교,인문사회계열,171,5,2.92
2010,배재대학교,공학계열,2579,173,6.71
2010,배재대학교,예체능계열,1320,99,7.5
2010,배재대학교,인문사회계열,7680,410,5.34
2010,배재대학교,자연과학계열,1905,130,6.82
2010,백석대학교,공학계열,2434,178,7.31
2010,백석대학교,기타,99,4,4.04
2010,백석대학교,예체능계열,2630,177,6.73
2010,백석대학교,의학계열,93,0,0
2010,백석대학교,인문사회계열,12447,571,4.59
2010,백석대학교,자연과학계열,298,3,1.01
2010,부산가톨릭대학교,공학계열,901,48,5.33
2010,부산가톨릭대학교,기타,105,2,1.9
2010,부산가톨릭대학교,의학계열,1035,18,1.74
2010,부산가톨릭대학교,인문사회계열,2337,122,5.22
2010,부산가톨릭대학교,자연과학계열,687,20,2.91
2010,부산교육대학교,인문사회계열,2211,21,0.95
2010,부산대학교,공학계열,9577,347,3.62
2010,부산대학교,예체능계열,1578,70,4.44
2010,부산대학교,의학계열,539,2,0.37
2010,부산대학교,인문사회계열,11746,240,2.04
2010,부산대학교,자연과학계열,6103,329,5.39
2010,부산외국어대학교,공학계열,587,46,7.84
2010,부산외국어대학교,예체능계열,221,13,5.88
2010,부산외국어대학교,인문사회계열,12030,688,5.72
2010,부산장신대학교,기타,159,9,5.66
2010,부산장신대학교,인문사회계열,188,12,6.38
2010,삼육대학교,공학계열,728,46,6.32
2010,삼육대학교,기타,268,7,2.61
2010,삼육대학교,예체능계열,1294,77,5.95
2010,삼육대학교,의학계열,451,7,1.55
2010,삼육대학교,인문사회계열,2625,151,5.75
2010,삼육대학교,자연과학계열,1734,89,5.13
2010,상명대학교,공학계열,779,36,4.62
2010,상명대학교,예체능계열,1482,60,4.05
2010,상명대학교,인문사회계열,5512,177,3.21
2010,상명대학교,자연과학계열,1200,36,3
2010,상명대학교(천안) _분교,공학계열,1905,89,4.67
2010,상명대학교(천안) _분교,예체능계열,2956,117,3.96
2010,상명대학교(천안) _분교,의학계열,30,1,3.33
2010,상명대학교(천안) _분교,인문사회계열,3036,181,5.96
2010,상명대학교(천안) _분교,자연과학계열,851,46,5.41
2010,상주대학교,공학계열,1868,170,9.1
2010,상주대학교,인문사회계열,774,56,7.24
2010,상주대학교,자연과학계열,1209,129,10.67
2010,상지대학교,공학계열,2318,107,4.62
2010,상지대학교,예체능계열,844,46,5.45
2010,상지대학교,의학계열,574,5,0.87
2010,상지대학교,인문사회계열,4921,196,3.98
2010,상지대학교,자연과학계열,2071,86,4.15
2010,서강대학교,공학계열,1858,42,2.26
2010,서강대학교,인문사회계열,7909,137,1.73
2010,서강대학교,자연과학계열,2143,96,4.48
2010,서경대학교,공학계열,2904,188,6.47
2010,서경대학교,예체능계열,1333,125,9.38
2010,서경대학교,인문사회계열,4016,202,5.03
2010,서경대학교,자연과학계열,545,39,7.16
2010,서남대학교,공학계열,109,6,5.5
2010,서남대학교,예체능계열,29,3,10.34
2010,서남대학교,의학계열,632,24,3.8
2010,서남대학교,인문사회계열,388,23,5.93
2010,서남대학교,자연과학계열,481,26,5.41
2010,서남대학교 _제2캠퍼스,공학계열,123,9,7.32
2010,서남대학교 _제2캠퍼스,의학계열,10,2,20
2010,서남대학교 _제2캠퍼스,인문사회계열,1019,78,7.65
2010,서남대학교 _제2캠퍼스,자연과학계열,113,8,7.08
2010,서울과학기술대학교(산업대),공학계열,8738,178,2.04
2010,서울과학기술대학교(산업대),예체능계열,1491,32,2.15
2010,서울과학기술대학교(산업대),인문사회계열,1906,63,3.31
2010,서울과학기술대학교(산업대),자연과학계열,1519,34,2.24
2010,서울교육대학교,인문사회계열,2139,20,0.94
2010,서울기독대학교,기타,110,14,12.73
2010,서울기독대학교,예체능계열,108,20,18.52
2010,서울기독대학교,인문사회계열,458,56,12.23
2010,서울대학교,공학계열,4762,66,1.39
2010,서울대학교,기타,12,0,0
2010,서울대학교,예체능계열,1320,9,0.68
2010,서울대학교,의학계열,1468,18,1.23
2010,서울대학교,인문사회계열,9841,86,0.87
2010,서울대학교,자연과학계열,4355,99,2.27
2010,서울시립대학교,공학계열,4083,108,2.65
2010,서울시립대학교,예체능계열,152,11,7.24
2010,서울시립대학교,인문사회계열,6146,131,2.13
2010,서울시립대학교,자연과학계열,2068,54,2.61
2010,서울신학대학교,기타,554,14,2.53
2010,서울신학대학교,예체능계열,448,28,6.25
2010,서울신학대학교,인문사회계열,1525,57,3.74
2010,서울여자대학교,공학계열,837,41,4.9
2010,서울여자대학교,예체능계열,1062,23,2.17
2010,서울여자대학교,인문사회계열,5459,173,3.17
2010,서울여자대학교,자연과학계열,1851,62,3.35
2010,서울장신대학교,기타,326,6,1.84
2010,서울장신대학교,예체능계열,155,11,7.1
2010,서울장신대학교,인문사회계열,198,6,3.03
2010,서울한영대학교,기타,174,7,4.02
2010,서울한영대학교,예체능계열,79,7,8.86
2010,서울한영대학교,인문사회계열,482,27,5.6
2010,서원대학교,공학계열,1228,97,7.9
2010,서원대학교,예체능계열,989,92,9.3
2010,서원대학교,의학계열,254,22,8.66
2010,서원대학교,인문사회계열,6225,339,5.45
2010,서원대학교,자연과학계열,669,46,6.88
2010,선교청대학교,예체능계열,86,56,65.12
2010,선교청대학교,인문사회계열,143,0,0
2010,선문대학교,공학계열,3950,320,8.1
2010,선문대학교,예체능계열,375,50,13.33
2010,선문대학교,의학계열,163,2,1.23
2010,선문대학교,인문사회계열,8002,547,6.84
2010,선문대학교,자연과학계열,1489,102,6.85
2010,성결대학교,공학계열,795,49,6.16
2010,성결대학교,예체능계열,483,30,6.21
2010,성결대학교,인문사회계열,4083,208,5.09
2010,성결대학교,자연과학계열,216,21,9.72
2010,성공회대학교,공학계열,831,41,4.93
2010,성공회대학교,기타,136,9,6.62
2010,성공회대학교,인문사회계열,2470,111,4.49
2010,성균관대학교,공학계열,7771,203,2.61
2010,성균관대학교,예체능계열,1662,38,2.29
2010,성균관대학교,의학계열,331,0,0
2010,성균관대학교,인문사회계열,14628,249,1.7
2010,성균관대학교,자연과학계열,3693,130,3.52
2010,성신여자대학교,공학계열,981,28,2.85
2010,성신여자대학교,예체능계열,1685,51,3.03
2010,성신여자대학교,의학계열,380,6,1.58
2010,성신여자대학교,인문사회계열,6613,197,2.98
2010,성신여자대학교,자연과학계열,1501,64,4.26
2010,세명대학교,공학계열,3662,217,5.93
2010,세명대학교,예체능계열,1188,91,7.66
2010,세명대학교,의학계열,798,8,1
2010,세명대학교,인문사회계열,5965,311,5.21
2010,세명대학교,자연과학계열,836,44,5.26
2010,세종대학교,공학계열,5869,226,3.85
2010,세종대학교,예체능계열,1768,55,3.11
2010,세종대학교,인문사회계열,5606,151,2.69
2010,세종대학교,자연과학계열,2855,101,3.54
2010,세한대학교,공학계열,334,31,9.28
2010,세한대학교,예체능계열,1726,219,12.69
2010,세한대학교,의학계열,165,4,2.42
2010,세한대학교,인문사회계열,2591,179,6.91
2010,세한대학교,자연과학계열,531,23,4.33
2010,수원가톨릭대학교,기타,244,6,2.46
2010,수원대학교,공학계열,4285,224,5.23
2010,수원대학교,예체능계열,2795,239,8.55
2010,수원대학교,인문사회계열,4866,210,4.32
2010,수원대학교,자연과학계열,2802,178,6.35
2010,숙명여자대학교,공학계열,591,17,2.88
2010,숙명여자대학교,예체능계열,1779,47,2.64
2010,숙명여자대학교,의학계열,190,0,0
2010,숙명여자대학교,인문사회계열,8716,228,2.62
2010,숙명여자대학교,자연과학계열,1787,99,5.54
2010,순복음총회신학교,기타,60,6,10
2010,순복음총회신학교,인문사회계열,15,0,0
2010,순천향대학교,공학계열,3581,208,5.81
2010,순천향대학교,예체능계열,667,50,7.5
2010,순천향대학교,의학계열,1187,31,2.61
2010,순천향대학교,인문사회계열,7027,351,5
2010,순천향대학교,자연과학계열,2809,142,5.06
2010,숭실대학교,공학계열,7355,147,2
2010,숭실대학교,예체능계열,265,10,3.77
2010,숭실대학교,인문사회계열,9977,243,2.44
2010,숭실대학교,자연과학계열,2070,45,2.17
2010,신경주대학교,공학계열,734,102,13.9
2010,신경주대학교,예체능계열,539,86,15.96
2010,신경주대학교,의학계열,78,1,1.28
2010,신경주대학교,인문사회계열,4159,461,11.08
2010,신경주대학교,자연과학계열,1250,71,5.68
2010,신라대학교,공학계열,2746,218,7.94
2010,신라대학교,예체능계열,1976,152,7.69
2010,신라대학교,의학계열,205,2,0.98
2010,신라대학교,인문사회계열,7808,379,4.85
2010,신라대학교,자연과학계열,1166,52,4.46
2010,아신대학교,기타,370,17,4.59
2010,아신대학교,인문사회계열,604,50,8.28
2010,아주대학교,공학계열,5850,173,2.96
2010,아주대학교,예체능계열,43,3,6.98
2010,아주대학교,의학계열,436,1,0.23
2010,아주대학교,인문사회계열,5943,149,2.51
2010,아주대학교,자연과학계열,2214,71,3.21
2010,안양대학교,공학계열,1266,72,5.69
2010,안양대학교,기타,94,3,3.19
2010,안양대학교,예체능계열,669,60,8.97
2010,안양대학교,인문사회계열,3003,172,5.73
2010,안양대학교,자연과학계열,788,45,5.71
2010,안양대학교 _제2캠퍼스,공학계열,185,18,9.73
2010,안양대학교 _제2캠퍼스,인문사회계열,365,32,8.77
2010,안양대학교 _제2캠퍼스,자연과학계열,186,10,5.38
2010,연세대학교,공학계열,5530,129,2.33
2010,연세대학교,기타,461,8,1.74
2010,연세대학교,예체능계열,1008,13,1.29
2010,연세대학교,의학계열,1173,16,1.36
2010,연세대학교,인문사회계열,14331,153,1.07
2010,연세대학교,자연과학계열,3860,125,3.24
2010,연세대학교(미래) _분교,공학계열,1252,35,2.8
2010,연세대학교(미래) _분교,예체능계열,430,11,2.56
2010,연세대학교(미래) _분교,의학계열,1451,27,1.86
2010,연세대학교(미래) _분교,인문사회계열,4407,111,2.52
2010,연세대학교(미래) _분교,자연과학계열,2984,81,2.71
2010,영남대학교,공학계열,10190,290,2.85
2010,영남대학교,예체능계열,2377,87,3.66
2010,영남대학교,의학계열,530,0,0
2010,영남대학교,인문사회계열,13987,373,2.67
2010,영남대학교,자연과학계열,5535,169,3.05
2010,영남신학대학교,기타,343,15,4.37
2010,영남신학대학교,인문사회계열,371,15,4.04
2010,영산대학교,공학계열,726,75,10.33
2010,영산대학교,예체능계열,283,37,13.07
2010,영산대학교,의학계열,71,0,0
2010,영산대학교,인문사회계열,2595,233,8.98
2010,영산대학교,자연과학계열,57,0,0
2010,영산대학교 _제2캠퍼스,공학계열,175,5,2.86
2010,영산대학교 _제2캠퍼스,예체능계열,761,89,11.7
2010,영산대학교 _제2캠퍼스,인문사회계열,1320,125,9.47
2010,영산대학교 _제2캠퍼스,자연과학계열,785,65,8.28
2010,영산대학교(산업대),공학계열,132,25,18.94
2010,영산대학교(산업대),예체능계열,71,7,9.86
2010,영산대학교(산업대),인문사회계열,726,101,13.91
2010,영산대학교(산업대) _제2캠퍼스,공학계열,32,6,18.75
2010,영산대학교(산업대) _제2캠퍼스,예체능계열,190,32,16.84
2010,영산대학교(산업대) _제2캠퍼스,인문사회계열,427,63,14.75
2010,영산대학교(산업대) _제2캠퍼스,자연과학계열,173,27,15.61
2010,영산선학대학교,인문사회계열,51,6,11.76
2010,예수대학교,의학계열,498,3,0.6
2010,예수대학교,인문사회계열,90,13,14.44
2010,예원예술대학교,예체능계열,883,63,7.13
2010,예원예술대학교,인문사회계열,261,34,13.03
2010,용인대학교,공학계열,469,28,5.97
2010,용인대학교,예체능계열,3689,155,4.2
2010,용인대학교,인문사회계열,2778,140,5.04
2010,용인대학교,자연과학계열,1133,39,3.44
2010,우석대학교,공학계열,1458,99,6.79
2010,우석대학교,예체능계열,1826,166,9.09
2010,우석대학교,의학계열,1320,38,2.88
2010,우석대학교,인문사회계열,5003,252,5.04
2010,우석대학교,자연과학계열,1264,73,5.78
2010,우송대학교,공학계열,1267,54,4.26
2010,우송대학교,예체능계열,514,20,3.89
2010,우송대학교,의학계열,228,12,5.26
2010,우송대학교,인문사회계열,2381,138,5.8
2010,우송대학교,자연과학계열,934,21,2.25
2010,우송대학교(산업대),공학계열,1581,138,8.73
2010,우송대학교(산업대),예체능계열,610,34,5.57
2010,우송대학교(산업대),의학계열,109,8,7.34
2010,우송대학교(산업대),인문사회계열,3225,245,7.6
2010,우송대학교(산업대),자연과학계열,1043,35,3.36
2010,울산과학기술원,공학계열,126,0,0
2010,울산과학기술원,인문사회계열,276,3,1.09
2010,울산과학기술원,자연과학계열,822,16,1.95
2010,울산대학교,공학계열,6793,203,2.99
2010,울산대학교,예체능계열,1907,87,4.56
2010,울산대학교,의학계열,465,2,0.43
2010,울산대학교,인문사회계열,7418,188,2.53
2010,울산대학교,자연과학계열,3775,132,3.5
2010,원광대학교,공학계열,4745,221,4.66
2010,원광대학교,예체능계열,2694,155,5.75
2010,원광대학교,의학계열,2090,25,1.2
2010,원광대학교,인문사회계열,12298,458,3.72
2010,원광대학교,자연과학계열,3404,132,3.88
2010,위덕대학교,공학계열,1646,173,10.51
2010,위덕대학교,예체능계열,91,7,7.69
2010,위덕대학교,의학계열,184,6,3.26
2010,위덕대학교,인문사회계열,1833,144,7.86
2010,위덕대학교,자연과학계열,63,3,4.76
2010,유원대학교,공학계열,663,49,7.39
2010,유원대학교,예체능계열,988,88,8.91
2010,유원대학교,의학계열,100,5,5
2010,유원대학교,인문사회계열,1661,113,6.8
2010,유원대학교,자연과학계열,1334,70,5.25
2010,을지대학교,의학계열,835,9,1.08
2010,을지대학교,인문사회계열,196,11,5.61
2010,을지대학교 _제2캠퍼스,공학계열,763,22,2.88
2010,을지대학교 _제2캠퍼스,예체능계열,326,21,6.44
2010,을지대학교 _제2캠퍼스,의학계열,1175,30,2.55
2010,을지대학교 _제2캠퍼스,인문사회계열,1112,38,3.42
2010,을지대학교 _제2캠퍼스,자연과학계열,1376,48,3.49
2010,이화여자대학교,공학계열,1399,32,2.29
2010,이화여자대학교,기타,44,5,11.36
2010,이화여자대학교,예체능계열,2270,35,1.54
2010,이화여자대학교,의학계열,843,12,1.42
2010,이화여자대학교,인문사회계열,10491,133,1.27
2010,이화여자대학교,자연과학계열,2819,130,4.61
2010,인제대학교,공학계열,4532,210,4.63
2010,인제대학교,예체능계열,870,34,3.91
2010,인제대학교,의학계열,441,8,1.81
2010,인제대학교,인문사회계열,5594,212,3.79
2010,인제대학교,자연과학계열,1713,69,4.03
2010,인제대학교 _제2캠퍼스,의학계열,751,4,0.53
2010,인천가톨릭대학교,기타,151,10,6.62
2010,인천가톨릭대학교,예체능계열,313,14,4.47
2010,인천가톨릭대학교,인문사회계열,16,6,37.5
2010,인천가톨릭대학교,자연과학계열,221,7,3.17
2010,인천대학교,공학계열,3637,151,4.15
2010,인천대학교,예체능계열,739,36,4.87
2010,인천대학교,인문사회계열,5126,180,3.51
2010,인천대학교,자연과학계열,1627,60,3.69
2010,인하대학교,공학계열,10161,159,1.56
2010,인하대학교,예체능계열,759,23,3.03
2010,인하대학교,의학계열,431,1,0.23
2010,인하대학교,인문사회계열,12851,245,1.91
2010,인하대학교,자연과학계열,3866,76,1.97
2010,장로회신학대학교,기타,325,2,0.62
2010,장로회신학대학교,예체능계열,291,10,3.44
2010,장로회신학대학교,인문사회계열,327,4,1.22
2010,전남대학교,공학계열,4309,121,2.81
2010,전남대학교,예체능계열,996,25,2.51
2010,전남대학교,의학계열,1386,12,0.87
2010,전남대학교,인문사회계열,10649,245,2.3
2010,전남대학교,자연과학계열,8267,329,3.98
2010,전남대학교 _제2캠퍼스,공학계열,2545,194,7.62
2010,전남대학교 _제2캠퍼스,인문사회계열,2103,83,3.95
2010,전남대학교 _제2캠퍼스,자연과학계열,1212,92,7.59
2010,전북대학교,공학계열,9286,296,3.19
2010,전북대학교,예체능계열,750,40,5.33
2010,전북대학교,의학계열,706,3,0.42
2010,전북대학교,인문사회계열,9751,244,2.5
2010,전북대학교,자연과학계열,5593,181,3.24
2010,전북대학교 _제2캠퍼스,인문사회계열,90,1,1.11
2010,전북대학교 _제2캠퍼스,자연과학계열,554,21,3.79
2010,전주교육대학교,인문사회계열,1661,13,0.78
2010,전주대학교,공학계열,2864,189,6.6
2010,전주대학교,예체능계열,1987,134,6.74
2010,전주대학교,의학계열,500,12,2.4
2010,전주대학교,인문사회계열,9574,465,4.86
2010,전주대학교,자연과학계열,1302,78,5.99
2010,제주교육대학교,인문사회계열,301,0,0
2010,제주대학교,공학계열,2655,86,3.24
2010,제주대학교,예체능계열,731,30,4.1
2010,제주대학교,의학계열,497,10,2.01
2010,제주대학교,인문사회계열,7561,154,2.04
2010,제주대학교,자연과학계열,3413,119,3.49
2010,조선대학교,공학계열,10303,528,5.12
2010,조선대학교,예체능계열,2133,101,4.74
2010,조선대학교,의학계열,951,9,0.95
2010,조선대학교,인문사회계열,14187,573,4.04
2010,조선대학교,자연과학계열,3172,151,4.76
2010,중부대학교,공학계열,2228,109,4.89
2010,중부대학교,예체능계열,2411,163,6.76
2010,중부대학교,의학계열,144,1,0.69
2010,중부대학교,인문사회계열,5281,288,5.45
2010,중부대학교,자연과학계열,1419,82,5.78
2010,중앙대학교,공학계열,4614,132,2.86
2010,중앙대학교,의학계열,945,13,1.38
2010,중앙대학교,인문사회계열,11565,231,2
2010,중앙대학교,자연과학계열,2915,98,3.36
2010,중앙대학교(안성) _분교,공학계열,1470,27,1.84
2010,중앙대학교(안성) _분교,예체능계열,2604,77,2.96
2010,중앙대학교(안성) _분교,인문사회계열,7217,153,2.12
2010,중앙대학교(안성) _분교,자연과학계열,2175,62,2.85
2010,중앙승가대학교,인문사회계열,294,10,3.4
2010,중원대학교,공학계열,381,28,7.35
2010,중원대학교,예체능계열,91,2,2.2
2010,중원대학교,인문사회계열,226,24,10.62
2010,진주교육대학교,인문사회계열,1905,11,0.58
2010,진주산업대학교(산업대),공학계열,3012,191,6.34
2010,진주산업대학교(산업대),예체능계열,152,23,15.13
2010,진주산업대학교(산업대),인문사회계열,940,56,5.96
2010,진주산업대학교(산업대),자연과학계열,1297,92,7.09
2010,차의과학대학교,의학계열,160,0,0
2010,차의과학대학교,인문사회계열,274,5,1.82
2010,차의과학대학교,자연과학계열,76,4,5.26
2010,청운대학교,공학계열,1582,134,8.47
2010,청운대학교,예체능계열,1113,86,7.73
2010,청운대학교,의학계열,36,2,5.56
2010,청운대학교,인문사회계열,4441,268,6.03
2010,청운대학교,자연과학계열,658,47,7.14
2010,청주교육대학교,인문사회계열,1724,14,0.81
2010,청주대학교,공학계열,3509,147,4.19
2010,청주대학교,예체능계열,2033,91,4.48
2010,청주대학교,의학계열,134,1,0.75
2010,청주대학교,인문사회계열,12105,373,3.08
2010,청주대학교,자연과학계열,1855,87,4.69
2010,초당대학교(산업대),공학계열,657,44,6.7
2010,초당대학교(산업대),예체능계열,501,33,6.59
2010,초당대학교(산업대),의학계열,761,19,2.5
2010,초당대학교(산업대),인문사회계열,1680,102,6.07
2010,초당대학교(산업대),자연과학계열,814,29,3.56
2010,총신대학교,기타,596,27,4.53
2010,총신대학교,예체능계열,378,29,7.67
2010,총신대학교,인문사회계열,1193,39,3.27
2010,추계예술대학교,예체능계열,1303,47,3.61
2010,추계예술대학교,인문사회계열,307,10,3.26
2010,춘천교육대학교,인문사회계열,1946,16,0.82
2010,충남대학교,공학계열,6665,173,2.6
2010,충남대학교,예체능계열,966,45,4.66
2010,충남대학교,의학계열,1059,13,1.23
2010,충남대학교,인문사회계열,10057,190,1.89
2010,충남대학교,자연과학계열,6959,164,2.36
2010,충북대학교,공학계열,6838,212,3.1
2010,충북대학교,예체능계열,580,20,3.45
2010,충북대학교,의학계열,782,19,2.43
2010,충북대학교,인문사회계열,7253,179,2.47
2010,충북대학교,자연과학계열,5348,208,3.89
2010,칼빈대학교,예체능계열,78,8,10.26
2010,칼빈대학교,인문사회계열,522,33,6.32
2010,탐라대학교,공학계열,94,7,7.45
2010,탐라대학교,예체능계열,151,9,5.96
2010,탐라대학교,인문사회계열,610,42,6.89
2010,탐라대학교,자연과학계열,17,3,17.65
2010,평택대학교,공학계열,768,72,9.38
2010,평택대학교,기타,31,3,9.68
2010,평택대학교,예체능계열,771,66,8.56
2010,평택대학교,인문사회계열,3573,221,6.19
2010,평택대학교,자연과학계열,29,4,13.79
2010,포항공과대학교,공학계열,769,2,0.26
2010,포항공과대학교,기타,73,1,1.37
2010,포항공과대학교,인문사회계열,144,0,0
2010,포항공과대학교,자연과학계열,653,9,1.38
2010,한경대학교(산업대),공학계열,2733,164,6
2010,한경대학교(산업대),예체능계열,498,29,5.82
2010,한경대학교(산업대),인문사회계열,1509,75,4.97
2010,한경대학교(산업대),자연과학계열,2375,146,6.15
2010,한국과학기술원,공학계열,1541,19,1.23
2010,한국과학기술원,예체능계열,1877,58,3.09
2010,한국과학기술원,인문사회계열,160,1,0.62
2010,한국과학기술원,자연과학계열,1106,18,1.63
2010,한국교원대학교,인문사회계열,2781,59,2.12
2010,한국교통대학교(산업대),공학계열,4698,604,12.86
2010,한국교통대학교(산업대),예체능계열,261,25,9.58
2010,한국교통대학교(산업대),의학계열,384,13,3.39
2010,한국교통대학교(산업대),인문사회계열,1813,172,9.49
2010,한국교통대학교(산업대),자연과학계열,1055,122,11.56
2010,한국국제대학교,공학계열,1068,101,9.46
2010,한국국제대학교,예체능계열,129,14,10.85
2010,한국국제대학교,의학계열,264,5,1.89
2010,한국국제대학교,인문사회계열,2199,152,6.91
2010,한국국제대학교,자연과학계열,636,41,6.45
2010,한국기술교육대학교,공학계열,4714,171,3.63
2010,한국기술교육대학교,인문사회계열,1045,36,3.44
2010,한국기술교육대학교,자연과학계열,269,12,4.46
2010,한국방송통신대학교,공학계열,14363,3706,25.8
2010,한국방송통신대학교,예체능계열,6835,1572,23
2010,한국방송통신대학교,의학계열,8532,913,10.7
2010,한국방송통신대학교,인문사회계열,208067,44017,21.16
2010,한국방송통신대학교,자연과학계열,34655,6708,19.36
2010,한국산업기술대학교(산업대),공학계열,5354,365,6.82
2010,한국산업기술대학교(산업대),인문사회계열,509,35,6.88
2010,한국산업기술대학교(산업대),자연과학계열,287,29,10.1
2010,한국성서대학교,공학계열,199,16,8.04
2010,한국성서대학교,의학계열,25,0,0
2010,한국성서대학교,인문사회계열,736,15,2.04
2010,한국예술종합학교,공학계열,117,0,0
2010,한국예술종합학교,예체능계열,2623,28,1.07
2010,한국예술종합학교,인문사회계열,111,1,0.9
2010,한국외국어대학교,공학계열,88,5,5.68
2010,한국외국어대학교,예체능계열,86,2,2.33
2010,한국외국어대학교,인문사회계열,12051,263,2.18
2010,한국외국어대학교(용인) _분교,공학계열,1565,52,3.32
2010,한국외국어대학교(용인) _분교,인문사회계열,8179,197,2.41
2010,한국외국어대학교(용인) _분교,자연과학계열,1897,49,2.58
2010,한국전통문화대학교(각종),공학계열,114,0,0
2010,한국전통문화대학교(각종),예체능계열,184,3,1.63
2010,한국전통문화대학교(각종),인문사회계열,412,6,1.46
2010,한국체육대학교,예체능계열,1647,36,2.19
2010,한국체육대학교,인문사회계열,968,9,0.93
2010,한국침례신학대학교,기타,620,21,3.39
2010,한국침례신학대학교,예체능계열,250,11,4.4
2010,한국침례신학대학교,인문사회계열,1130,37,3.27
2010,한국항공대학교,공학계열,5195,107,2.06
2010,한국항공대학교,인문사회계열,1236,48,3.88
2010,한남대학교,공학계열,3155,153,4.85
2010,한남대학교,예체능계열,1419,67,4.72
2010,한남대학교,의학계열,24,0,0
2010,한남대학교,인문사회계열,10635,397,3.73
2010,한남대학교,자연과학계열,2342,126,5.38
2010,한동대학교,공학계열,1017,20,1.97
2010,한동대학교,인문사회계열,3538,66,1.87
2010,한동대학교,자연과학계열,667,9,1.35
2010,한라대학교,공학계열,2728,208,7.62
2010,한라대학교,예체능계열,122,17,13.93
2010,한라대학교,인문사회계열,2702,153,5.66
2010,한라대학교,자연과학계열,155,15,9.68
2010,한려대학교(산업대),공학계열,29,5,17.24
2010,한려대학교(산업대),예체능계열,35,2,5.71
2010,한려대학교(산업대),의학계열,338,19,5.62
2010,한려대학교(산업대),인문사회계열,164,10,6.1
2010,한려대학교(산업대),자연과학계열,371,12,3.23
2010,한림대학교,공학계열,1867,75,4.02
2010,한림대학교,예체능계열,441,26,5.9
2010,한림대학교,의학계열,1044,18,1.72
2010,한림대학교,인문사회계열,6466,175,2.71
2010,한림대학교,자연과학계열,2162,87,4.02
2010,한민학교,예체능계열,133,50,37.59
2010,한민학교,인문사회계열,519,77,14.84
2010,한밭대학교(산업대),공학계열,4887,212,4.34
2010,한밭대학교(산업대),예체능계열,265,8,3.02
2010,한밭대학교(산업대),인문사회계열,1914,61,3.19
2010,한밭대학교(산업대),자연과학계열,932,56,6.01
2010,한북대학교,공학계열,205,14,6.83
2010,한북대학교,예체능계열,40,3,7.5
2010,한북대학교,의학계열,33,1,3.03
2010,한북대학교,인문사회계열,710,57,8.03
2010,한북대학교,자연과학계열,296,23,7.77
2010,한서대학교,공학계열,3226,195,6.04
2010,한서대학교,예체능계열,1309,111,8.48
2010,한서대학교,의학계열,696,20,2.87
2010,한서대학교,인문사회계열,2899,147,5.07
2010,한서대학교,자연과학계열,2161,151,6.99
2010,한성대학교,공학계열,1806,101,5.59
2010,한성대학교,예체능계열,1343,64,4.77
2010,한성대학교,의학계열,101,4,3.96
2010,한성대학교,인문사회계열,3226,143,4.43
2010,한성대학교,자연과학계열,192,9,4.69
2010,한세대학교,공학계열,670,23,3.43
2010,한세대학교,예체능계열,685,27,3.94
2010,한세대학교,인문사회계열,2145,59,2.75
2010,한세대학교,자연과학계열,215,5,2.33
2010,한신대학교,공학계열,1482,91,6.14
2010,한신대학교,기타,290,8,2.76
2010,한신대학교,의학계열,243,5,2.06
2010,한신대학교,인문사회계열,5452,304,5.58
2010,한신대학교,자연과학계열,510,37,7.25
2010,한양대학교,공학계열,7907,181,2.29
2010,한양대학교,예체능계열,1258,26,2.07
2010,한양대학교,의학계열,650,8,1.23
2010,한양대학교,인문사회계열,9477,164,1.73
2010,한양대학교,자연과학계열,3389,124,3.66
2010,한양대학교(ERICA) _분교,공학계열,4420,115,2.6
2010,한양대학교(ERICA) _분교,예체능계열,1551,28,1.81
2010,한양대학교(ERICA) _분교,인문사회계열,5611,118,2.1
2010,한양대학교(ERICA) _분교,자연과학계열,2039,55,2.7
2010,한일장신대학교,예체능계열,185,7,3.78
2010,한일장신대학교,인문사회계열,1054,6,0.57
2010,한중대학교,공학계열,226,16,7.08
2010,한중대학교,예체능계열,322,23,7.14
2010,한중대학교,의학계열,440,8,1.82
2010,한중대학교,인문사회계열,894,72,8.05
2010,한중대학교,자연과학계열,146,12,8.22
2010,협성대학교,공학계열,606,45,7.43
2010,협성대학교,예체능계열,1065,87,8.17
2010,협성대학교,의학계열,217,9,4.15
2010,협성대학교,인문사회계열,3555,225,6.33
2010,협성대학교,자연과학계열,186,15,8.06
2010,호남대학교,공학계열,2347,203,8.65
2010,호남대학교,예체능계열,1343,146,10.87
2010,호남대학교,의학계열,248,8,3.23
2010,호남대학교,인문사회계열,4756,374,7.86
2010,호남대학교,자연과학계열,1124,81,7.21
2010,호남신학대학교,기타,346,12,3.47
2010,호남신학대학교,예체능계열,231,16,6.93
2010,호남신학대학교,인문사회계열,152,7,4.61
2010,호서대학교,공학계열,6906,472,6.83
2010,호서대학교,예체능계열,2222,166,7.47
2010,호서대학교,의학계열,482,20,4.15
2010,호서대학교,인문사회계열,6495,417,6.42
2010,호서대학교,자연과학계열,1984,116,5.85
2010,호원대학교,공학계열,1278,103,8.06
2010,호원대학교,예체능계열,1141,115,10.08
2010,호원대학교,의학계열,50,0,0
2010,호원대학교,인문사회계열,3149,208,6.61
2010,호원대학교,자연과학계열,642,39,6.07
2010,홍익대학교,공학계열,7453,201,2.7
2010,홍익대학교,기타,97,8,8.25
2010,홍익대학교,예체능계열,2837,27,0.95
2010,홍익대학교,인문사회계열,6073,183,3.01
2010,홍익대학교,자연과학계열,327,10,3.06
2010,홍익대학교(세종) _분교,공학계열,3941,203,5.15
2010,홍익대학교(세종) _분교,기타,70,10,14.29
2010,홍익대학교(세종) _분교,예체능계열,2465,46,1.87
2010,홍익대학교(세종) _분교,인문사회계열,2896,105,3.63
2010,홍익대학교(세종) _분교,자연과학계열,282,24,8.51
2010,화성의과학대학교,공학계열,53,4,7.55
2010,화성의과학대학교,예체능계열,61,7,11.48
2010,화성의과학대학교,의학계열,35,0,0
2010,화성의과학대학교,인문사회계열,544,44,8.09
2010,화성의과학대학교,자연과학계열,107,8,7.48
2011,가야대학교,공학계열,50,0,0
2011,가야대학교 _제2캠퍼스,공학계열,45,7,15.56
2011,가야대학교 _제2캠퍼스,예체능계열,328,35,10.67
2011,가야대학교 _제2캠퍼스,인문사회계열,1295,83,6.41
2011,가야대학교 _제2캠퍼스,자연과학계열,1382,48,3.47
2011,가천대학교,공학계열,5329,173,3.25
2011,가천대학교,예체능계열,1822,63,3.46
2011,가천대학교,의학계열,496,10,2.02
2011,가천대학교,인문사회계열,7419,206,2.78
2011,가천대학교,자연과학계열,2798,101,3.61
2011,가천의과학대학교,공학계열,1248,59,4.73
2011,가천의과학대학교,예체능계열,328,17,5.18
2011,가천의과학대학교,의학계열,888,22,2.48
2011,가천의과학대학교,인문사회계열,899,27,3
2011,가천의과학대학교,자연과학계열,1420,51,3.59
2011,가톨릭관동대학교,공학계열,2049,114,5.56
2011,가톨릭관동대학교,예체능계열,1300,103,7.92
2011,가톨릭관동대학교,의학계열,554,10,1.81
2011,가톨릭관동대학교,인문사회계열,9791,434,4.43
2011,가톨릭관동대학교,자연과학계열,204,8,3.92
2011,가톨릭꽃동네대학교,의학계열,181,1,0.55
2011,가톨릭꽃동네대학교,인문사회계열,448,15,3.35
2011,가톨릭대학교,공학계열,1199,32,2.67
2011,가톨릭대학교,예체능계열,270,13,4.81
2011,가톨릭대학교,의학계열,20,0,0
2011,가톨릭대학교,인문사회계열,6371,176,2.76
2011,가톨릭대학교,자연과학계열,2415,73,3.02
2011,가톨릭대학교 _제2캠퍼스,의학계열,600,6,1
2011,가톨릭대학교 _제3캠퍼스,기타,332,8,2.41
2011,감리교신학대학교,기타,20,1,5
2011,감리교신학대학교,인문사회계열,1211,14,1.16
2011,강남대학교,공학계열,2045,120,5.87
2011,강남대학교,기타,114,9,7.89
2011,강남대학교,예체능계열,483,28,5.8
2011,강남대학교,인문사회계열,6587,337,5.12
2011,강남대학교,자연과학계열,92,12,13.04
2011,강서대학교,예체능계열,222,26,11.71
2011,강서대학교,인문사회계열,1116,76,6.81
2011,강원대학교,공학계열,5873,218,3.71
2011,강원대학교,기타,90,1,1.11
2011,강원대학교,예체능계열,1023,39,3.81
2011,강원대학교,의학계열,649,10,1.54
2011,강원대학교,인문사회계열,8852,250,2.82
2011,강원대학교,자연과학계열,5786,208,3.59
2011,강원대학교 _제2캠퍼스,공학계열,5336,253,4.74
2011,강원대학교 _제2캠퍼스,예체능계열,966,71,7.35
2011,강원대학교 _제2캠퍼스,의학계열,284,6,2.11
2011,강원대학교 _제2캠퍼스,인문사회계열,2337,109,4.66
2011,강원대학교 _제2캠퍼스,자연과학계열,1343,70,5.21
2011,건국대학교,공학계열,5743,137,2.39
2011,건국대학교,예체능계열,1462,28,1.92
2011,건국대학교,의학계열,560,4,0.71
2011,건국대학교,인문사회계열,10818,175,1.62
2011,건국대학교,자연과학계열,5139,180,3.5
2011,건국대학교(글로컬) _분교,공학계열,2227,91,4.09
2011,건국대학교(글로컬) _분교,예체능계열,1161,26,2.24
2011,건국대학교(글로컬) _분교,의학계열,278,3,1.08
2011,건국대학교(글로컬) _분교,인문사회계열,5816,150,2.58
2011,건국대학교(글로컬) _분교,자연과학계열,2436,68,2.79
2011,건동대학교,공학계열,264,48,18.18
2011,건동대학교,예체능계열,283,28,9.89
2011,건동대학교,의학계열,21,1,4.76
2011,건동대학교,인문사회계열,228,40,17.54
2011,건양대학교,공학계열,2610,144,5.52
2011,건양대학교,예체능계열,828,47,5.68
2011,건양대학교,인문사회계열,4767,240,5.03
2011,건양대학교,자연과학계열,632,44,6.96
2011,건양대학교 _제2캠퍼스,공학계열,224,3,1.34
2011,건양대학교 _제2캠퍼스,의학계열,1435,13,0.91
2011,건양대학교 _제2캠퍼스,자연과학계열,429,7,1.63
2011,경기대학교,공학계열,3824,138,3.61
2011,경기대학교,예체능계열,1149,40,3.48
2011,경기대학교,인문사회계열,8766,263,3
2011,경기대학교,자연과학계열,2646,102,3.85
2011,경기대학교 _제2캠퍼스,공학계열,188,9,4.79
2011,경기대학교 _제2캠퍼스,예체능계열,404,13,3.22
2011,경기대학교 _제2캠퍼스,인문사회계열,1473,43,2.92
2011,경남과학기술대학교,공학계열,534,23,4.31
2011,경남과학기술대학교,예체능계열,32,1,3.12
2011,경남과학기술대학교,인문사회계열,205,11,5.37
2011,경남과학기술대학교,자연과학계열,276,12,4.35
2011,경남대학교,공학계열,5816,425,7.31
2011,경남대학교,예체능계열,932,65,6.97
2011,경남대학교,의학계열,178,1,0.56
2011,경남대학교,인문사회계열,12359,590,4.77
2011,경남대학교,자연과학계열,1373,90,6.55
2011,경동대학교,공학계열,985,82,8.32
2011,경동대학교,예체능계열,705,53,7.52
2011,경동대학교,의학계열,145,4,2.76
2011,경동대학교,인문사회계열,2581,184,7.13
2011,경동대학교,자연과학계열,571,22,3.85
2011,경북대학교,공학계열,8697,167,1.92
2011,경북대학교,예체능계열,670,14,2.09
2011,경북대학교,의학계열,887,12,1.35
2011,경북대학교,인문사회계열,11384,175,1.54
2011,경북대학교,자연과학계열,5862,145,2.47
2011,경북대학교 _제2캠퍼스,공학계열,1208,16,1.32
2011,경북대학교 _제2캠퍼스,예체능계열,260,6,2.31
2011,경북대학교 _제2캠퍼스,인문사회계열,642,13,2.02
2011,경북대학교 _제2캠퍼스,자연과학계열,1192,13,1.09
2011,경북외국어대학교,인문사회계열,478,60,12.55
2011,경상국립대학교,공학계열,6979,208,2.98
2011,경상국립대학교,예체능계열,78,4,5.13
2011,경상국립대학교,의학계열,703,15,2.13
2011,경상국립대학교,인문사회계열,8348,193,2.31
2011,경상국립대학교,자연과학계열,5279,168,3.18
2011,경성대학교,공학계열,3748,198,5.28
2011,경성대학교,기타,101,11,10.89
2011,경성대학교,예체능계열,2663,179,6.72
2011,경성대학교,의학계열,278,11,3.96
2011,경성대학교,인문사회계열,10059,369,3.67
2011,경성대학교,자연과학계열,2851,155,5.44
2011,경운대학교(산업대),공학계열,1958,154,7.87
2011,경운대학교(산업대),예체능계열,1294,187,14.45
2011,경운대학교(산업대),의학계열,559,14,2.5
2011,경운대학교(산업대),인문사회계열,2545,257,10.1
2011,경운대학교(산업대),자연과학계열,774,33,4.26
2011,경인교육대학교,인문사회계열,1990,40,2.01
2011,경인교육대학교 _제2캠퍼스,인문사회계열,1257,19,1.51
2011,경일대학교,공학계열,3848,253,6.57
2011,경일대학교,예체능계열,1437,109,7.59
2011,경일대학교,의학계열,158,1,0.63
2011,경일대학교,인문사회계열,2661,200,7.52
2011,경일대학교,자연과학계열,258,13,5.04
2011,경희대학교,공학계열,832,14,1.68
2011,경희대학교,예체능계열,1217,31,2.55
2011,경희대학교,의학계열,1511,15,0.99
2011,경희대학교,인문사회계열,11720,193,1.65
2011,경희대학교,자연과학계열,2555,99,3.87
2011,경희대학교 _분교,공학계열,7334,149,2.03
2011,경희대학교 _분교,예체능계열,2125,72,3.39
2011,경희대학교 _분교,의학계열,355,9,2.54
2011,경희대학교 _분교,인문사회계열,4901,120,2.45
2011,경희대학교 _분교,자연과학계열,3151,103,3.27
2011,계명대학교,공학계열,4470,182,4.07
2011,계명대학교,예체능계열,4568,231,5.06
2011,계명대학교,의학계열,1345,13,0.97
2011,계명대학교,인문사회계열,17733,576,3.25
2011,계명대학교,자연과학계열,3675,132,3.59
2011,고려대학교,공학계열,4864,89,1.83
2011,고려대학교,기타,199,3,1.51
2011,고려대학교,예체능계열,267,2,0.75
2011,고려대학교,의학계열,1321,29,2.2
2011,고려대학교,인문사회계열,16766,165,0.98
2011,고려대학교,자연과학계열,4656,123,2.64
2011,고려대학교(세종) _분교,공학계열,1911,58,3.04
2011,고려대학교(세종) _분교,예체능계열,148,1,0.68
2011,고려대학교(세종) _분교,의학계열,29,0,0
2011,고려대학교(세종) _분교,인문사회계열,6393,177,2.77
2011,고려대학교(세종) _분교,자연과학계열,2190,75,3.42
2011,고신대학교,공학계열,139,12,8.63
2011,고신대학교,기타,479,10,2.09
2011,고신대학교,예체능계열,627,35,5.58
2011,고신대학교,의학계열,824,12,1.46
2011,고신대학교,인문사회계열,2606,98,3.76
2011,고신대학교,자연과학계열,767,42,5.48
2011,공주교육대학교,인문사회계열,1997,12,0.6
2011,광신대학교,기타,244,7,2.87
2011,광신대학교,예체능계열,106,11,10.38
2011,광신대학교,인문사회계열,256,19,7.42
2011,광운대학교,공학계열,6085,187,3.07
2011,광운대학교,예체능계열,800,10,1.25
2011,광운대학교,인문사회계열,4431,144,3.25
2011,광운대학교,자연과학계열,1747,68,3.89
2011,광주가톨릭대학교,기타,144,13,9.03
2011,광주과학기술원,인문사회계열,199,6,3.02
2011,광주교육대학교,인문사회계열,1802,13,0.72
2011,광주대학교,공학계열,1381,135,9.78
2011,광주대학교,예체능계열,1034,117,11.32
2011,광주대학교,의학계열,225,11,4.89
2011,광주대학교,인문사회계열,5749,477,8.3
2011,광주대학교,자연과학계열,425,23,5.41
2011,광주대학교(산업대),공학계열,16,7,43.75
2011,광주대학교(산업대),예체능계열,10,3,30
2011,광주대학교(산업대),인문사회계열,110,27,24.55
2011,광주대학교(산업대),자연과학계열,12,3,25
2011,광주여자대학교,공학계열,543,10,1.84
2011,광주여자대학교,예체능계열,930,64,6.88
2011,광주여자대학교,의학계열,432,13,3.01
2011,광주여자대학교,인문사회계열,1794,92,5.13
2011,광주여자대학교,자연과학계열,708,26,3.67
2011,국립강릉원주대학교,공학계열,1587,69,4.35
2011,국립강릉원주대학교,예체능계열,447,25,5.59
2011,국립강릉원주대학교,의학계열,233,1,0.43
2011,국립강릉원주대학교,인문사회계열,3803,123,3.23
2011,국립강릉원주대학교,자연과학계열,2767,125,4.52
2011,국립강릉원주대학교 _제2캠퍼스,공학계열,1747,78,4.46
2011,국립강릉원주대학교 _제2캠퍼스,예체능계열,294,22,7.48
2011,국립강릉원주대학교 _제2캠퍼스,의학계열,331,2,0.6
2011,국립강릉원주대학교 _제2캠퍼스,인문사회계열,418,24,5.74
2011,국립강릉원주대학교 _제2캠퍼스,자연과학계열,110,4,3.64
2011,국립경국대학교,공학계열,2807,90,3.21
2011,국립경국대학교,예체능계열,629,51,8.11
2011,국립경국대학교,의학계열,183,12,6.56
2011,국립경국대학교,인문사회계열,4398,116,2.64
2011,국립경국대학교,자연과학계열,2297,77,3.35
2011,국립공주대학교,공학계열,6049,239,3.95
2011,국립공주대학교,예체능계열,1342,49,3.65
2011,국립공주대학교,의학계열,822,11,1.34
2011,국립공주대학교,인문사회계열,6950,148,2.13
2011,국립공주대학교,자연과학계열,3793,130,3.43
2011,국립군산대학교,공학계열,4581,344,7.51
2011,국립군산대학교,예체능계열,725,56,7.72
2011,국립군산대학교,의학계열,81,2,2.47
2011,국립군산대학교,인문사회계열,3528,189,5.36
2011,국립군산대학교,자연과학계열,3285,219,6.67
2011,국립금오공과대학교,공학계열,7461,200,2.68
2011,국립금오공과대학교,인문사회계열,359,5,1.39
2011,국립금오공과대학교,자연과학계열,1219,30,2.46
2011,국립목포대학교,공학계열,3903,212,5.43
2011,국립목포대학교,예체능계열,614,35,5.7
2011,국립목포대학교,의학계열,202,3,1.49
2011,국립목포대학교,인문사회계열,4975,172,3.46
2011,국립목포대학교,자연과학계열,1866,98,5.25
2011,국립목포해양대학교,공학계열,3056,101,3.3
2011,국립부경대학교,공학계열,11856,363,3.06
2011,국립부경대학교,예체능계열,694,38,5.48
2011,국립부경대학교,의학계열,72,0,0
2011,국립부경대학교,인문사회계열,7621,218,2.86
2011,국립부경대학교,자연과학계열,4664,135,2.89
2011,국립순천대학교,공학계열,3264,263,8.06
2011,국립순천대학교,예체능계열,737,42,5.7
2011,국립순천대학교,의학계열,235,19,8.09
2011,국립순천대학교,인문사회계열,4551,209,4.59
2011,국립순천대학교,자연과학계열,2375,155,6.53
2011,국립창원대학교,공학계열,4745,136,2.87
2011,국립창원대학교,예체능계열,710,42,5.92
2011,국립창원대학교,의학계열,252,6,2.38
2011,국립창원대학교,인문사회계열,5167,147,2.84
2011,국립창원대학교,자연과학계열,1580,48,3.04
2011,국립한국교통대학교,공학계열,2571,71,2.76
2011,국립한국교통대학교,예체능계열,134,4,2.99
2011,국립한국교통대학교,의학계열,162,1,0.62
2011,국립한국교통대학교,인문사회계열,1115,30,2.69
2011,국립한국교통대학교,자연과학계열,651,15,2.3
2011,국립한국해양대학교,공학계열,5870,167,2.84
2011,국립한국해양대학교,예체능계열,149,7,4.7
2011,국립한국해양대학교,인문사회계열,2487,80,3.22
2011,국립한국해양대학교,자연과학계열,530,19,3.58
2011,국민대학교,공학계열,5775,154,2.67
2011,국민대학교,예체능계열,2883,98,3.4
2011,국민대학교,인문사회계열,9495,251,2.64
2011,국민대학교,자연과학계열,2227,71,3.19
2011,극동대학교,공학계열,1027,93,9.06
2011,극동대학교,예체능계열,1066,83,7.79
2011,극동대학교,의학계열,486,13,2.67
2011,극동대학교,인문사회계열,3528,269,7.62
2011,극동대학교,자연과학계열,287,9,3.14
2011,금강대학교,공학계열,108,4,3.7
2011,금강대학교,인문사회계열,407,7,1.72
2011,김천대학교,공학계열,640,27,4.22
2011,김천대학교,예체능계열,79,14,17.72
2011,김천대학교,의학계열,452,12,2.65
2011,김천대학교,인문사회계열,684,36,5.26
2011,김천대학교,자연과학계열,341,10,2.93
2011,나사렛대학교,공학계열,694,37,5.33
2011,나사렛대학교,예체능계열,1135,53,4.67
2011,나사렛대학교,의학계열,632,13,2.06
2011,나사렛대학교,인문사회계열,4728,161,3.41
2011,나사렛대학교,자연과학계열,480,14,2.92
2011,남부대학교,공학계열,387,39,10.08
2011,남부대학교,예체능계열,1003,133,13.26
2011,남부대학교,의학계열,647,24,3.71
2011,남부대학교,인문사회계열,956,92,9.62
2011,남부대학교,자연과학계열,729,44,6.04
2011,남서울대학교(산업대),공학계열,4185,378,9.03
2011,남서울대학교(산업대),예체능계열,1213,100,8.24
2011,남서울대학교(산업대),의학계열,265,5,1.89
2011,남서울대학교(산업대),인문사회계열,9707,624,6.43
2011,남서울대학교(산업대),자연과학계열,739,64,8.66
2011,단국대학교,공학계열,3923,114,2.91
2011,단국대학교,예체능계열,1461,53,3.63
2011,단국대학교,인문사회계열,8457,234,2.77
2011,단국대학교,자연과학계열,2761,102,3.69
2011,단국대학교(천안) _분교,공학계열,3551,143,4.03
2011,단국대학교(천안) _분교,예체능계열,1668,74,4.44
2011,단국대학교(천안) _분교,의학계열,1056,9,0.85
2011,단국대학교(천안) _분교,인문사회계열,7172,257,3.58
2011,단국대학교(천안) _분교,자연과학계열,3307,109,3.3
2011,대구가톨릭대학교,공학계열,4148,203,4.89
2011,대구가톨릭대학교,기타,218,12,5.5
2011,대구가톨릭대학교,예체능계열,1689,125,7.4
2011,대구가톨릭대학교,의학계열,1007,21,2.09
2011,대구가톨릭대학교,인문사회계열,9494,359,3.78
2011,대구가톨릭대학교,자연과학계열,1996,92,4.61
2011,대구교육대학교,인문사회계열,2144,16,0.75
2011,대구대학교,공학계열,6013,349,5.8
2011,대구대학교,예체능계열,1674,85,5.08
2011,대구대학교,의학계열,336,5,1.49
2011,대구대학교,인문사회계열,15096,557,3.69
2011,대구대학교,자연과학계열,4836,272,5.62
2011,대구예술대학교,공학계열,28,5,17.86
2011,대구예술대학교,예체능계열,1232,132,10.71
2011,대구예술대학교,의학계열,71,11,15.49
2011,대구예술대학교,인문사회계열,432,72,16.67
2011,대구예술대학교,자연과학계열,24,4,16.67
2011,대구외국어대학교,인문사회계열,565,68,12.04
2011,대구한의대학교,공학계열,1630,121,7.42
2011,대구한의대학교,예체능계열,766,59,7.7
2011,대구한의대학교,의학계열,1902,44,2.31
2011,대구한의대학교,인문사회계열,3376,213,6.31
2011,대구한의대학교,자연과학계열,2106,97,4.61
2011,대신대학교,기타,258,20,7.75
2011,대신대학교,예체능계열,168,20,11.9
2011,대신대학교,인문사회계열,210,21,10
2011,대전가톨릭대학교,기타,155,12,7.74
2011,대전대학교,공학계열,2918,186,6.37
2011,대전대학교,예체능계열,1635,100,6.12
2011,대전대학교,의학계열,916,11,1.2
2011,대전대학교,인문사회계열,7409,433,5.84
2011,대전대학교,자연과학계열,1544,98,6.35
2011,대전신학교,기타,122,7,5.74
2011,대전신학대학교,기타,173,11,6.36
2011,대진대학교,공학계열,3103,236,7.61
2011,대진대학교,예체능계열,1093,99,9.06
2011,대진대학교,인문사회계열,5689,321,5.64
2011,대진대학교,자연과학계열,1585,109,6.88
2011,덕성여자대학교,공학계열,352,9,2.56
2011,덕성여자대학교,예체능계열,733,27,3.68
2011,덕성여자대학교,의학계열,219,0,0
2011,덕성여자대학교,인문사회계열,4296,116,2.7
2011,덕성여자대학교,자연과학계열,1569,75,4.78
2011,동국대학교,공학계열,4591,124,2.7
2011,동국대학교,예체능계열,860,21,2.44
2011,동국대학교,의학계열,24,0,0
2011,동국대학교,인문사회계열,12523,267,2.13
2011,동국대학교,자연과학계열,2585,60,2.32
2011,동국대학교(WISE) _분교,공학계열,1717,82,4.78
2011,동국대학교(WISE) _분교,기타,131,6,4.58
2011,동국대학교(WISE) _분교,예체능계열,694,32,4.61
2011,동국대학교(WISE) _분교,의학계열,1028,6,0.58
2011,동국대학교(WISE) _분교,인문사회계열,7630,384,5.03
2011,동국대학교(WISE) _분교,자연과학계열,1155,49,4.24
2011,동덕여자대학교,공학계열,672,25,3.72
2011,동덕여자대학교,예체능계열,2204,86,3.9
2011,동덕여자대학교,의학계열,341,8,2.35
2011,동덕여자대학교,인문사회계열,4531,163,3.6
2011,동덕여자대학교,자연과학계열,769,32,4.16
2011,동명대학교,공학계열,6531,588,9
2011,동명대학교,예체능계열,1267,132,10.42
2011,동명대학교,의학계열,93,1,1.08
2011,동명대학교,인문사회계열,4171,349,8.37
2011,동명대학교,자연과학계열,394,34,8.63
2011,동명정보대학교,공학계열,795,83,10.44
2011,동명정보대학교,예체능계열,190,24,12.63
2011,동명정보대학교,인문사회계열,508,32,6.3
2011,동서대학교,공학계열,4066,293,7.21
2011,동서대학교,예체능계열,3705,266,7.18
2011,동서대학교,의학계열,407,6,1.47
2011,동서대학교,인문사회계열,7221,416,5.76
2011,동서대학교,자연과학계열,807,63,7.81
2011,동신대학교,공학계열,1981,161,8.13
2011,동신대학교,예체능계열,853,106,12.43
2011,동신대학교,의학계열,1165,22,1.89
2011,동신대학교,인문사회계열,4099,327,7.98
2011,동신대학교,자연과학계열,1168,59,5.05
2011,동아대학교,공학계열,7949,216,2.72
2011,동아대학교,예체능계열,2996,99,3.3
2011,동아대학교,의학계열,470,9,1.91
2011,동아대학교,인문사회계열,12691,244,1.92
2011,동아대학교,자연과학계열,4171,88,2.11
2011,동양대학교,공학계열,2290,152,6.64
2011,동양대학교,예체능계열,469,57,12.15
2011,동양대학교,의학계열,65,1,1.54
2011,동양대학교,인문사회계열,3263,191,5.85
2011,동양대학교,자연과학계열,244,23,9.43
2011,동의대학교,공학계열,7838,476,6.07
2011,동의대학교,예체능계열,1589,98,6.17
2011,동의대학교,의학계열,835,13,1.56
2011,동의대학교,인문사회계열,11049,501,4.53
2011,동의대학교,자연과학계열,2661,141,5.3
2011,루터대학교,예체능계열,81,12,14.81
2011,루터대학교,인문사회계열,536,55,10.26
2011,루터대학교,자연과학계열,107,4,3.74
2011,명지대학교,공학계열,5642,240,4.25
2011,명지대학교,예체능계열,1737,89,5.12
2011,명지대학교,인문사회계열,865,42,4.86
2011,명지대학교,자연과학계열,2912,125,4.29
2011,명지대학교 _제2캠퍼스,예체능계열,205,4,1.95
2011,명지대학교 _제2캠퍼스,인문사회계열,10407,381,3.66
2011,목원대학교,공학계열,3375,220,6.52
2011,목원대학교,기타,582,22,3.78
2011,목원대학교,예체능계열,2462,125,5.08
2011,목원대학교,인문사회계열,6562,389,5.93
2011,목원대학교,자연과학계열,749,47,6.28
2011,목포가톨릭대학교,의학계열,432,5,1.16
2011,목포가톨릭대학교,인문사회계열,167,13,7.78
2011,배재대학교,공학계열,2589,189,7.3
2011,배재대학교,예체능계열,1294,116,8.96
2011,배재대학교,의학계열,21,0,0
2011,배재대학교,인문사회계열,7822,440,5.63
2011,배재대학교,자연과학계열,1921,135,7.03
2011,백석대학교,공학계열,2373,154,6.49
2011,백석대학교,기타,114,12,10.53
2011,백석대학교,예체능계열,2491,137,5.5
2011,백석대학교,의학계열,157,1,0.64
2011,백석대학교,인문사회계열,12893,609,4.72
2011,백석대학교,자연과학계열,382,10,2.62
2011,부산가톨릭대학교,공학계열,896,56,6.25
2011,부산가톨릭대학교,기타,112,2,1.79
2011,부산가톨릭대학교,의학계열,1114,18,1.62
2011,부산가톨릭대학교,인문사회계열,2360,121,5.13
2011,부산가톨릭대학교,자연과학계열,715,19,2.66
2011,부산교육대학교,인문사회계열,2066,17,0.82
2011,부산대학교,공학계열,9682,255,2.63
2011,부산대학교,예체능계열,1629,61,3.74
2011,부산대학교,의학계열,567,2,0.35
2011,부산대학교,인문사회계열,11698,206,1.76
2011,부산대학교,자연과학계열,5828,125,2.14
2011,부산외국어대학교,공학계열,599,28,4.67
2011,부산외국어대학교,예체능계열,242,5,2.07
2011,부산외국어대학교,인문사회계열,11904,501,4.21
2011,부산장신대학교,기타,157,11,7.01
2011,부산장신대학교,인문사회계열,186,6,3.23
2011,삼육대학교,공학계열,754,42,5.57
2011,삼육대학교,기타,253,6,2.37
2011,삼육대학교,예체능계열,1357,69,5.08
2011,삼육대학교,의학계열,492,4,0.81
2011,삼육대학교,인문사회계열,2675,130,4.86
2011,삼육대학교,자연과학계열,1797,83,4.62
2011,상명대학교,공학계열,788,37,4.7
2011,상명대학교,예체능계열,1495,48,3.21
2011,상명대학교,인문사회계열,5514,158,2.87
2011,상명대학교,자연과학계열,1246,39,3.13
2011,상명대학교(천안) _분교,공학계열,1999,101,5.05
2011,상명대학교(천안) _분교,예체능계열,2903,114,3.93
2011,상명대학교(천안) _분교,의학계열,83,3,3.61
2011,상명대학교(천안) _분교,인문사회계열,3059,122,3.99
2011,상명대학교(천안) _분교,자연과학계열,734,36,4.9
2011,상주대학교,공학계열,1451,88,6.06
2011,상주대학교,인문사회계열,567,27,4.76
2011,상주대학교,자연과학계열,870,39,4.48
2011,상지대학교,공학계열,2320,147,6.34
2011,상지대학교,예체능계열,887,45,5.07
2011,상지대학교,의학계열,594,8,1.35
2011,상지대학교,인문사회계열,5039,234,4.64
2011,상지대학교,자연과학계열,2103,144,6.85
2011,서강대학교,공학계열,1883,43,2.28
2011,서강대학교,인문사회계열,8033,110,1.37
2011,서강대학교,자연과학계열,2036,73,3.59
2011,서경대학교,공학계열,2874,193,6.72
2011,서경대학교,예체능계열,1424,104,7.3
2011,서경대학교,인문사회계열,4129,229,5.55
2011,서경대학교,자연과학계열,487,27,5.54
2011,서남대학교,공학계열,99,6,6.06
2011,서남대학교,예체능계열,19,0,0
2011,서남대학교,의학계열,674,19,2.82
2011,서남대학교,인문사회계열,399,27,6.77
2011,서남대학교,자연과학계열,497,23,4.63
2011,서남대학교 _제2캠퍼스,공학계열,189,14,7.41
2011,서남대학교 _제2캠퍼스,의학계열,18,1,5.56
2011,서남대학교 _제2캠퍼스,인문사회계열,1230,113,9.19
2011,서남대학교 _제2캠퍼스,자연과학계열,180,15,8.33
2011,서울과학기술대학교(산업대),공학계열,8645,200,2.31
2011,서울과학기술대학교(산업대),예체능계열,1578,42,2.66
2011,서울과학기술대학교(산업대),인문사회계열,2148,58,2.7
2011,서울과학기술대학교(산업대),자연과학계열,1515,28,1.85
2011,서울교육대학교,인문사회계열,2005,19,0.95
2011,서울기독대학교,기타,107,2,1.87
2011,서울기독대학교,예체능계열,113,14,12.39
2011,서울기독대학교,인문사회계열,441,29,6.58
2011,서울대학교,공학계열,4848,62,1.28
2011,서울대학교,예체능계열,1252,15,1.2
2011,서울대학교,의학계열,1441,10,0.69
2011,서울대학교,인문사회계열,9635,64,0.66
2011,서울대학교,자연과학계열,4221,80,1.9
2011,서울시립대학교,공학계열,4124,74,1.79
2011,서울시립대학교,예체능계열,153,4,2.61
2011,서울시립대학교,인문사회계열,6277,120,1.91
2011,서울시립대학교,자연과학계열,2115,61,2.88
2011,서울신학대학교,기타,539,15,2.78
2011,서울신학대학교,예체능계열,449,18,4.01
2011,서울신학대학교,인문사회계열,1536,74,4.82
2011,서울여자대학교,공학계열,814,35,4.3
2011,서울여자대학교,예체능계열,1142,33,2.89
2011,서울여자대학교,인문사회계열,5573,143,2.57
2011,서울여자대학교,자연과학계열,1878,56,2.98
2011,서울장신대학교,기타,321,11,3.43
2011,서울장신대학교,예체능계열,162,18,11.11
2011,서울장신대학교,인문사회계열,211,4,1.9
2011,서울한영대학교,기타,167,10,5.99
2011,서울한영대학교,예체능계열,88,9,10.23
2011,서울한영대학교,인문사회계열,483,33,6.83
2011,서원대학교,공학계열,1284,94,7.32
2011,서원대학교,예체능계열,1011,79,7.81
2011,서원대학교,의학계열,222,20,9.01
2011,서원대학교,인문사회계열,6172,291,4.71
2011,서원대학교,자연과학계열,672,50,7.44
2011,선교청대학교,예체능계열,36,36,100
2011,선교청대학교,인문사회계열,139,3,2.16
2011,선문대학교,공학계열,3851,279,7.24
2011,선문대학교,예체능계열,482,48,9.96
2011,선문대학교,의학계열,216,8,3.7
2011,선문대학교,인문사회계열,7978,475,5.95
2011,선문대학교,자연과학계열,1573,100,6.36
2011,성결대학교,공학계열,897,55,6.13
2011,성결대학교,예체능계열,491,30,6.11
2011,성결대학교,인문사회계열,4257,221,5.19
2011,성결대학교,자연과학계열,226,14,6.19
2011,성공회대학교,공학계열,829,42,5.07
2011,성공회대학교,기타,151,12,7.95
2011,성공회대학교,인문사회계열,2469,124,5.02
2011,성균관대학교,공학계열,7692,202,2.63
2011,성균관대학교,예체능계열,1647,38,2.31
2011,성균관대학교,의학계열,301,0,0
2011,성균관대학교,인문사회계열,14373,273,1.9
2011,성균관대학교,자연과학계열,3808,149,3.91
2011,성신여자대학교,공학계열,939,25,2.66
2011,성신여자대학교,예체능계열,1780,45,2.53
2011,성신여자대학교,의학계열,403,7,1.74
2011,성신여자대학교,인문사회계열,7048,196,2.78
2011,성신여자대학교,자연과학계열,1635,62,3.79
2011,세명대학교,공학계열,3657,234,6.4
2011,세명대학교,예체능계열,1159,98,8.46
2011,세명대학교,의학계열,922,9,0.98
2011,세명대학교,인문사회계열,6062,279,4.6
2011,세명대학교,자연과학계열,830,46,5.54
2011,세종대학교,공학계열,5712,166,2.91
2011,세종대학교,예체능계열,1794,60,3.34
2011,세종대학교,인문사회계열,5758,167,2.9
2011,세종대학교,자연과학계열,2832,127,4.48
2011,세한대학교,공학계열,358,43,12.01
2011,세한대학교,예체능계열,1983,234,11.8
2011,세한대학교,의학계열,172,1,0.58
2011,세한대학교,인문사회계열,2509,213,8.49
2011,세한대학교,자연과학계열,562,25,4.45
2011,수원가톨릭대학교,기타,242,5,2.07
2011,수원대학교,공학계열,4440,246,5.54
2011,수원대학교,예체능계열,2726,231,8.47
2011,수원대학교,의학계열,30,1,3.33
2011,수원대학교,인문사회계열,5138,255,4.96
2011,수원대학교,자연과학계열,2829,160,5.66
2011,숙명여자대학교,공학계열,615,19,3.09
2011,숙명여자대학교,예체능계열,1729,34,1.97
2011,숙명여자대학교,의학계열,201,5,2.49
2011,숙명여자대학교,인문사회계열,8896,189,2.12
2011,숙명여자대학교,자연과학계열,1818,82,4.51
2011,순복음총회신학교,기타,121,32,26.45
2011,순복음총회신학교,인문사회계열,20,5,25
2011,순천향대학교,공학계열,3628,230,6.34
2011,순천향대학교,예체능계열,708,52,7.34
2011,순천향대학교,의학계열,1199,32,2.67
2011,순천향대학교,인문사회계열,6996,338,4.83
2011,순천향대학교,자연과학계열,2805,145,5.17
2011,숭실대학교,공학계열,7234,174,2.41
2011,숭실대학교,예체능계열,266,15,5.64
2011,숭실대학교,인문사회계열,10642,263,2.47
2011,숭실대학교,자연과학계열,2108,56,2.66
2011,신경주대학교,공학계열,685,79,11.53
2011,신경주대학교,예체능계열,470,64,13.62
2011,신경주대학교,의학계열,121,1,0.83
2011,신경주대학교,인문사회계열,3983,376,9.44
2011,신경주대학교,자연과학계열,1468,74,5.04
2011,신라대학교,공학계열,2696,189,7.01
2011,신라대학교,예체능계열,1806,144,7.97
2011,신라대학교,의학계열,228,3,1.32
2011,신라대학교,인문사회계열,7956,331,4.16
2011,신라대학교,자연과학계열,1262,67,5.31
2011,아신대학교,기타,366,23,6.28
2011,아신대학교,인문사회계열,566,28,4.95
2011,아주대학교,공학계열,5915,156,2.64
2011,아주대학교,예체능계열,39,1,2.56
2011,아주대학교,의학계열,480,6,1.25
2011,아주대학교,인문사회계열,6013,113,1.88
2011,아주대학교,자연과학계열,2230,104,4.66
2011,안양대학교,공학계열,1194,73,6.11
2011,안양대학교,기타,183,14,7.65
2011,안양대학교,예체능계열,699,51,7.3
2011,안양대학교,인문사회계열,2949,163,5.53
2011,안양대학교,자연과학계열,771,48,6.23
2011,안양대학교 _제2캠퍼스,공학계열,187,11,5.88
2011,안양대학교 _제2캠퍼스,인문사회계열,366,26,7.1
2011,안양대학교 _제2캠퍼스,자연과학계열,199,12,6.03
2011,연세대학교,공학계열,5455,95,1.74
2011,연세대학교,기타,408,10,2.45
2011,연세대학교,예체능계열,1076,12,1.12
2011,연세대학교,의학계열,1117,6,0.54
2011,연세대학교,인문사회계열,14120,131,0.93
2011,연세대학교,자연과학계열,3972,84,2.11
2011,연세대학교(미래) _분교,공학계열,1195,30,2.51
2011,연세대학교(미래) _분교,예체능계열,474,7,1.48
2011,연세대학교(미래) _분교,의학계열,1465,16,1.09
2011,연세대학교(미래) _분교,인문사회계열,4571,134,2.93
2011,연세대학교(미래) _분교,자연과학계열,3013,76,2.52
2011,영남대학교,공학계열,10102,302,2.99
2011,영남대학교,예체능계열,2370,81,3.42
2011,영남대학교,의학계열,476,5,1.05
2011,영남대학교,인문사회계열,14173,374,2.64
2011,영남대학교,자연과학계열,5600,198,3.54
2011,영남신학대학교,기타,348,16,4.6
2011,영남신학대학교,인문사회계열,371,19,5.12
2011,영산대학교,공학계열,817,67,8.2
2011,영산대학교,예체능계열,321,49,15.26
2011,영산대학교,의학계열,132,2,1.52
2011,영산대학교,인문사회계열,2671,272,10.18
2011,영산대학교,자연과학계열,108,1,0.93
2011,영산대학교 _제2캠퍼스,공학계열,194,15,7.73
2011,영산대학교 _제2캠퍼스,예체능계열,861,95,11.03
2011,영산대학교 _제2캠퍼스,인문사회계열,1659,120,7.23
2011,영산대학교 _제2캠퍼스,자연과학계열,883,59,6.68
2011,영산대학교(산업대),공학계열,53,7,13.21
2011,영산대학교(산업대),예체능계열,39,3,7.69
2011,영산대학교(산업대),인문사회계열,387,46,11.89
2011,영산대학교(산업대) _제2캠퍼스,공학계열,12,5,41.67
2011,영산대학교(산업대) _제2캠퍼스,예체능계열,97,23,23.71
2011,영산대학교(산업대) _제2캠퍼스,인문사회계열,251,28,11.16
2011,영산대학교(산업대) _제2캠퍼스,자연과학계열,98,14,14.29
2011,영산선학대학교,인문사회계열,57,9,15.79
2011,예수대학교,의학계열,512,2,0.39
2011,예수대학교,인문사회계열,107,9,8.41
2011,예원예술대학교,예체능계열,970,79,8.14
2011,예원예술대학교,인문사회계열,273,33,12.09
2011,용인대학교,공학계열,416,22,5.29
2011,용인대학교,예체능계열,3833,164,4.28
2011,용인대학교,인문사회계열,2792,123,4.41
2011,용인대학교,자연과학계열,1173,47,4.01
2011,우석대학교,공학계열,1412,72,5.1
2011,우석대학교,예체능계열,1865,134,7.18
2011,우석대학교,의학계열,1446,37,2.56
2011,우석대학교,인문사회계열,4787,241,5.03
2011,우석대학교,자연과학계열,1375,80,5.82
2011,우송대학교,공학계열,2137,84,3.93
2011,우송대학교,예체능계열,1100,63,5.73
2011,우송대학교,의학계열,371,15,4.04
2011,우송대학교,인문사회계열,3865,164,4.24
2011,우송대학교,자연과학계열,1213,34,2.8
2011,우송대학교(산업대),공학계열,884,87,9.84
2011,우송대학교(산업대),예체능계열,401,23,5.74
2011,우송대학교(산업대),의학계열,52,2,3.85
2011,우송대학교(산업대),인문사회계열,1860,113,6.08
2011,우송대학교(산업대),자연과학계열,580,25,4.31
2011,울산과학기술원,공학계열,327,0,0
2011,울산과학기술원,인문사회계열,402,8,1.99
2011,울산과학기술원,자연과학계열,1237,23,1.86
2011,울산대학교,공학계열,6695,194,2.9
2011,울산대학교,예체능계열,1886,71,3.76
2011,울산대학교,의학계열,518,4,0.77
2011,울산대학교,인문사회계열,7514,203,2.7
2011,울산대학교,자연과학계열,3762,105,2.79
2011,원광대학교,공학계열,4776,249,5.21
2011,원광대학교,예체능계열,2728,139,5.1
2011,원광대학교,의학계열,2164,29,1.34
2011,원광대학교,인문사회계열,12274,482,3.93
2011,원광대학교,자연과학계열,3454,163,4.72
2011,위덕대학교,공학계열,1647,197,11.96
2011,위덕대학교,예체능계열,161,23,14.29
2011,위덕대학교,의학계열,235,12,5.11
2011,위덕대학교,인문사회계열,1794,173,9.64
2011,위덕대학교,자연과학계열,111,6,5.41
2011,유원대학교,공학계열,668,52,7.78
2011,유원대학교,예체능계열,950,122,12.84
2011,유원대학교,의학계열,140,2,1.43
2011,유원대학교,인문사회계열,1708,118,6.91
2011,유원대학교,자연과학계열,1457,75,5.15
2011,을지대학교,의학계열,841,16,1.9
2011,을지대학교,인문사회계열,162,2,1.23
2011,을지대학교 _제2캠퍼스,공학계열,821,31,3.78
2011,을지대학교 _제2캠퍼스,예체능계열,375,14,3.73
2011,을지대학교 _제2캠퍼스,의학계열,1215,29,2.39
2011,을지대학교 _제2캠퍼스,인문사회계열,1151,49,4.26
2011,을지대학교 _제2캠퍼스,자연과학계열,1529,40,2.62
2011,이화여자대학교,공학계열,1404,27,1.92
2011,이화여자대학교,기타,45,4,8.89
2011,이화여자대학교,예체능계열,2309,24,1.04
2011,이화여자대학교,의학계열,829,8,0.97
2011,이화여자대학교,인문사회계열,10471,149,1.42
2011,이화여자대학교,자연과학계열,2781,118,4.24
2011,인제대학교,공학계열,4475,215,4.8
2011,인제대학교,예체능계열,894,42,4.7
2011,인제대학교,의학계열,463,7,1.51
2011,인제대학교,인문사회계열,5615,246,4.38
2011,인제대학교,자연과학계열,1672,47,2.81
2011,인제대학교 _제2캠퍼스,의학계열,778,2,0.26
2011,인천가톨릭대학교,기타,138,9,6.52
2011,인천가톨릭대학교 _제2캠퍼스,예체능계열,356,17,4.78
2011,인천가톨릭대학교 _제2캠퍼스,인문사회계열,19,3,15.79
2011,인천가톨릭대학교 _제2캠퍼스,자연과학계열,291,21,7.22
2011,인천대학교,공학계열,5095,191,3.75
2011,인천대학교,예체능계열,1004,37,3.69
2011,인천대학교,의학계열,26,0,0
2011,인천대학교,인문사회계열,6466,187,2.89
2011,인천대학교,자연과학계열,1796,70,3.9
2011,인하대학교,공학계열,10778,176,1.63
2011,인하대학교,예체능계열,617,20,3.24
2011,인하대학교,의학계열,419,4,0.95
2011,인하대학교,인문사회계열,12073,198,1.64
2011,인하대학교,자연과학계열,4069,89,2.19
2011,장로회신학대학교,기타,337,6,1.78
2011,장로회신학대학교,예체능계열,293,10,3.41
2011,장로회신학대학교,인문사회계열,333,9,2.7
2011,전남대학교,공학계열,4434,124,2.8
2011,전남대학교,예체능계열,999,19,1.9
2011,전남대학교,의학계열,1328,11,0.83
2011,전남대학교,인문사회계열,10576,253,2.39
2011,전남대학교,자연과학계열,7901,277,3.51
2011,전남대학교 _제2캠퍼스,공학계열,2424,188,7.76
2011,전남대학교 _제2캠퍼스,인문사회계열,2050,82,4
2011,전남대학교 _제2캠퍼스,자연과학계열,1127,91,8.07
2011,전북대학교,공학계열,9361,262,2.8
2011,전북대학교,예체능계열,753,42,5.58
2011,전북대학교,의학계열,727,6,0.83
2011,전북대학교,인문사회계열,9674,179,1.85
2011,전북대학교,자연과학계열,5696,86,1.51
2011,전북대학교 _제2캠퍼스,인문사회계열,121,0,0
2011,전북대학교 _제2캠퍼스,자연과학계열,734,21,2.86
2011,전주교육대학교,인문사회계열,1585,10,0.63
2011,전주대학교,공학계열,2999,196,6.54
2011,전주대학교,예체능계열,2127,136,6.39
2011,전주대학교,의학계열,603,16,2.65
2011,전주대학교,인문사회계열,9408,432,4.59
2011,전주대학교,자연과학계열,1398,81,5.79
2011,제주교육대학교,인문사회계열,158,0,0
2011,제주대학교,공학계열,2729,99,3.63
2011,제주대학교,예체능계열,739,48,6.5
2011,제주대학교,의학계열,520,4,0.77
2011,제주대학교,인문사회계열,7806,177,2.27
2011,제주대학교,자연과학계열,3343,135,4.04
2011,조선대학교,공학계열,10091,232,2.3
2011,조선대학교,예체능계열,2217,198,8.93
2011,조선대학교,의학계열,771,52,6.74
2011,조선대학교,인문사회계열,14071,368,2.62
2011,조선대학교,자연과학계열,3218,75,2.33
2011,중부대학교,공학계열,2346,110,4.69
2011,중부대학교,예체능계열,2457,138,5.62
2011,중부대학교,의학계열,179,2,1.12
2011,중부대학교,인문사회계열,5300,293,5.53
2011,중부대학교,자연과학계열,1476,91,6.17
2011,중앙대학교,공학계열,4439,118,2.66
2011,중앙대학교,예체능계열,474,11,2.32
2011,중앙대학교,의학계열,925,17,1.84
2011,중앙대학교,인문사회계열,12137,212,1.75
2011,중앙대학교,자연과학계열,1999,73,3.65
2011,중앙대학교 _제2캠퍼스,공학계열,1150,33,2.87
2011,중앙대학교 _제2캠퍼스,예체능계열,3818,93,2.44
2011,중앙대학교 _제2캠퍼스,인문사회계열,6455,166,2.57
2011,중앙대학교 _제2캠퍼스,자연과학계열,1776,47,2.65
2011,중앙승가대학교,인문사회계열,279,17,6.09
2011,중원대학교,공학계열,612,22,3.59
2011,중원대학교,예체능계열,121,6,4.96
2011,중원대학교,의학계열,60,1,1.67
2011,중원대학교,인문사회계열,412,18,4.37
2011,중원대학교,자연과학계열,23,3,13.04
2011,진주교육대학교,인문사회계열,1802,15,0.83
2011,진주산업대학교(산업대),공학계열,2538,170,6.7
2011,진주산업대학교(산업대),예체능계열,118,11,9.32
2011,진주산업대학교(산업대),인문사회계열,786,36,4.58
2011,진주산업대학교(산업대),자연과학계열,1042,58,5.57
2011,차의과학대학교,공학계열,83,6,7.23
2011,차의과학대학교,의학계열,219,2,0.91
2011,차의과학대학교,인문사회계열,260,2,0.77
2011,차의과학대학교,자연과학계열,190,5,2.63
2011,청운대학교,공학계열,1645,129,7.84
2011,청운대학교,예체능계열,1146,88,7.68
2011,청운대학교,의학계열,80,1,1.25
2011,청운대학교,인문사회계열,4678,332,7.1
2011,청운대학교,자연과학계열,668,41,6.14
2011,청주교육대학교,인문사회계열,1644,12,0.73
2011,청주대학교,공학계열,3467,185,5.34
2011,청주대학교,예체능계열,2035,93,4.57
2011,청주대학교,의학계열,259,0,0
2011,청주대학교,인문사회계열,12065,470,3.9
2011,청주대학교,자연과학계열,1855,89,4.8
2011,초당대학교(산업대),공학계열,685,26,3.8
2011,초당대학교(산업대),예체능계열,506,29,5.73
2011,초당대학교(산업대),의학계열,844,8,0.95
2011,초당대학교(산업대),인문사회계열,1659,73,4.4
2011,초당대학교(산업대),자연과학계열,883,19,2.15
2011,총신대학교,기타,623,22,3.53
2011,총신대학교,예체능계열,370,23,6.22
2011,총신대학교,인문사회계열,1176,36,3.06
2011,추계예술대학교,예체능계열,1305,46,3.52
2011,추계예술대학교,인문사회계열,311,11,3.54
2011,춘천교육대학교,인문사회계열,3582,21,0.59
2011,충남대학교,공학계열,6800,197,2.9
2011,충남대학교,예체능계열,953,40,4.2
2011,충남대학교,의학계열,1018,18,1.77
2011,충남대학교,인문사회계열,10079,181,1.8
2011,충남대학교,자연과학계열,6599,195,2.95
2011,충북대학교,공학계열,6717,176,2.62
2011,충북대학교,예체능계열,600,26,4.33
2011,충북대학교,의학계열,770,21,2.73
2011,충북대학교,인문사회계열,7137,148,2.07
2011,충북대학교,자연과학계열,5315,157,2.95
2011,칼빈대학교,예체능계열,84,6,7.14
2011,칼빈대학교,인문사회계열,541,21,3.88
2011,탐라대학교,공학계열,106,7,6.6
2011,탐라대학교,예체능계열,159,49,30.82
2011,탐라대학교,인문사회계열,613,161,26.26
2011,탐라대학교,자연과학계열,14,2,14.29
2011,평택대학교,공학계열,747,54,7.23
2011,평택대학교,기타,42,1,2.38
2011,평택대학교,예체능계열,831,63,7.58
2011,평택대학교,의학계열,25,1,4
2011,평택대학교,인문사회계열,3583,211,5.89
2011,평택대학교,자연과학계열,10,0,0
2011,포항공과대학교,공학계열,713,3,0.42
2011,포항공과대학교,기타,71,1,1.41
2011,포항공과대학교,인문사회계열,165,0,0
2011,포항공과대학교,자연과학계열,653,7,1.07
2011,한경대학교(산업대),공학계열,2712,170,6.27
2011,한경대학교(산업대),기타,22,0,0
2011,한경대학교(산업대),예체능계열,483,56,11.59
2011,한경대학교(산업대),인문사회계열,1543,77,4.99
2011,한경대학교(산업대),자연과학계열,2370,138,5.82
2011,한국과학기술원,공학계열,1557,11,0.71
2011,한국과학기술원,예체능계열,1838,39,2.12
2011,한국과학기술원,인문사회계열,122,1,0.82
2011,한국과학기술원,자연과학계열,1305,15,1.15
2011,한국교원대학교,인문사회계열,2800,49,1.75
2011,한국교통대학교(산업대),공학계열,3487,166,4.76
2011,한국교통대학교(산업대),예체능계열,197,13,6.6
2011,한국교통대학교(산업대),의학계열,272,3,1.1
2011,한국교통대학교(산업대),인문사회계열,1341,70,5.22
2011,한국교통대학교(산업대),자연과학계열,758,33,4.35
2011,한국국제대학교,공학계열,1146,91,7.94
2011,한국국제대학교,예체능계열,182,15,8.24
2011,한국국제대학교,의학계열,397,14,3.53
2011,한국국제대학교,인문사회계열,2186,166,7.59
2011,한국국제대학교,자연과학계열,679,43,6.33
2011,한국기술교육대학교,공학계열,4462,126,2.82
2011,한국기술교육대학교,인문사회계열,1035,36,3.48
2011,한국기술교육대학교,자연과학계열,560,22,3.93
2011,한국방송통신대학교,공학계열,13458,3445,25.6
2011,한국방송통신대학교,예체능계열,6445,1502,23.3
2011,한국방송통신대학교,의학계열,8620,888,10.3
2011,한국방송통신대학교,인문사회계열,205104,42098,20.53
2011,한국방송통신대학교,자연과학계열,34934,6751,19.33
2011,한국산업기술대학교(산업대),공학계열,5303,437,8.24
2011,한국산업기술대학교(산업대),인문사회계열,585,56,9.57
2011,한국산업기술대학교(산업대),자연과학계열,292,33,11.3
2011,한국성서대학교,공학계열,190,22,11.58
2011,한국성서대학교,의학계열,72,0,0
2011,한국성서대학교,인문사회계열,737,38,5.16
2011,한국예술종합학교,공학계열,118,2,1.69
2011,한국예술종합학교,예체능계열,2712,63,2.32
2011,한국예술종합학교,인문사회계열,106,3,2.83
2011,한국외국어대학교,공학계열,79,4,5.06
2011,한국외국어대학교,예체능계열,92,2,2.17
2011,한국외국어대학교,인문사회계열,12220,268,2.19
2011,한국외국어대학교(용인) _분교,공학계열,1553,76,4.89
2011,한국외국어대학교(용인) _분교,인문사회계열,8253,283,3.43
2011,한국외국어대학교(용인) _분교,자연과학계열,1908,71,3.72
2011,한국전통문화대학교(각종),공학계열,106,2,1.89
2011,한국전통문화대학교(각종),예체능계열,181,4,2.21
2011,한국전통문화대학교(각종),인문사회계열,405,6,1.48
2011,한국체육대학교,예체능계열,1971,49,2.49
2011,한국체육대학교,인문사회계열,941,25,2.66
2011,한국침례신학대학교,기타,626,22,3.51
2011,한국침례신학대학교,예체능계열,250,22,8.8
2011,한국침례신학대학교,인문사회계열,1125,49,4.36
2011,한국항공대학교,공학계열,4974,115,2.31
2011,한국항공대학교,인문사회계열,1494,46,3.08
2011,한남대학교,공학계열,3216,147,4.57
2011,한남대학교,예체능계열,1402,63,4.49
2011,한남대학교,의학계열,65,0,0
2011,한남대학교,인문사회계열,10910,365,3.35
2011,한남대학교,자연과학계열,2353,100,4.25
2011,한동대학교,공학계열,1011,10,0.99
2011,한동대학교,인문사회계열,3597,35,0.97
2011,한동대학교,자연과학계열,670,14,2.09
2011,한라대학교,공학계열,2789,227,8.14
2011,한라대학교,예체능계열,128,7,5.47
2011,한라대학교,인문사회계열,2814,188,6.68
2011,한라대학교,자연과학계열,161,11,6.83
2011,한려대학교,의학계열,137,8,5.84
2011,한려대학교,인문사회계열,48,23,47.92
2011,한려대학교,자연과학계열,82,4,4.88
2011,한려대학교(산업대),공학계열,23,16,69.57
2011,한려대학교(산업대),예체능계열,23,7,30.43
2011,한려대학교(산업대),의학계열,309,16,5.18
2011,한려대학교(산업대),인문사회계열,144,47,32.64
2011,한려대학교(산업대),자연과학계열,303,15,4.95
2011,한림대학교,공학계열,1787,77,4.31
2011,한림대학교,예체능계열,411,32,7.79
2011,한림대학교,의학계열,1210,17,1.4
2011,한림대학교,인문사회계열,6723,248,3.69
2011,한림대학교,자연과학계열,2189,105,4.8
2011,한민학교,예체능계열,135,13,9.63
2011,한민학교,인문사회계열,536,101,18.84
2011,한민학교,자연과학계열,10,1,10
2011,한밭대학교(산업대),공학계열,4927,200,4.06
2011,한밭대학교(산업대),예체능계열,281,10,3.56
2011,한밭대학교(산업대),인문사회계열,1960,53,2.7
2011,한밭대학교(산업대),자연과학계열,912,32,3.51
2011,한북대학교,공학계열,221,21,9.5
2011,한북대학교,예체능계열,84,7,8.33
2011,한북대학교,의학계열,65,3,4.62
2011,한북대학교,인문사회계열,927,59,6.36
2011,한북대학교,자연과학계열,323,23,7.12
2011,한서대학교,공학계열,3282,169,5.15
2011,한서대학교,예체능계열,1367,119,8.71
2011,한서대학교,의학계열,736,20,2.72
2011,한서대학교,인문사회계열,2986,164,5.49
2011,한서대학교,자연과학계열,2134,134,6.28
2011,한성대학교,공학계열,1809,75,4.15
2011,한성대학교,예체능계열,1396,77,5.52
2011,한성대학교,의학계열,94,2,2.13
2011,한성대학교,인문사회계열,3318,142,4.28
2011,한성대학교,자연과학계열,198,6,3.03
2011,한세대학교,공학계열,642,56,8.72
2011,한세대학교,예체능계열,606,45,7.43
2011,한세대학교,의학계열,25,0,0
2011,한세대학교,인문사회계열,2288,114,4.98
2011,한세대학교,자연과학계열,217,17,7.83
2011,한신대학교,공학계열,1328,89,6.7
2011,한신대학교,기타,285,13,4.56
2011,한신대학교,의학계열,233,7,3
2011,한신대학교,인문사회계열,5610,334,5.95
2011,한신대학교,자연과학계열,493,52,10.55
2011,한양대학교,공학계열,7732,171,2.21
2011,한양대학교,예체능계열,1175,30,2.55
2011,한양대학교,의학계열,597,8,1.34
2011,한양대학교,인문사회계열,9402,163,1.73
2011,한양대학교,자연과학계열,3529,108,3.06
2011,한양대학교(ERICA) _분교,공학계열,4361,80,1.83
2011,한양대학교(ERICA) _분교,예체능계열,1564,28,1.79
2011,한양대학교(ERICA) _분교,의학계열,22,0,0
2011,한양대학교(ERICA) _분교,인문사회계열,5605,94,1.68
2011,한양대학교(ERICA) _분교,자연과학계열,2077,58,2.79
2011,한일장신대학교,예체능계열,204,21,10.29
2011,한일장신대학교,인문사회계열,1048,78,7.44
2011,한중대학교,공학계열,308,31,10.06
2011,한중대학교,예체능계열,429,55,12.82
2011,한중대학교,의학계열,439,11,2.51
2011,한중대학교,인문사회계열,962,86,8.94
2011,한중대학교,자연과학계열,215,18,8.37
2011,협성대학교,공학계열,622,66,10.61
2011,협성대학교,기타,437,17,3.89
2011,협성대학교,예체능계열,1074,79,7.36
2011,협성대학교,의학계열,226,9,3.98
2011,협성대학교,인문사회계열,3310,256,7.73
2011,협성대학교,자연과학계열,191,11,5.76
2011,호남대학교,공학계열,2459,220,8.95
2011,호남대학교,예체능계열,1184,148,12.5
2011,호남대학교,의학계열,299,2,0.67
2011,호남대학교,인문사회계열,4656,331,7.11
2011,호남대학교,자연과학계열,1277,60,4.7
2011,호남신학대학교,기타,346,22,6.36
2011,호남신학대학교,예체능계열,231,15,6.49
2011,호남신학대학교,인문사회계열,162,9,5.56
2011,호서대학교,공학계열,7028,393,5.59
2011,호서대학교,예체능계열,2133,161,7.55
2011,호서대학교,의학계열,493,18,3.65
2011,호서대학교,인문사회계열,6631,368,5.55
2011,호서대학교,자연과학계열,2032,107,5.27
2011,호원대학교,공학계열,1294,118,9.12
2011,호원대학교,예체능계열,1147,110,9.59
2011,호원대학교,의학계열,91,0,0
2011,호원대학교,인문사회계열,2963,235,7.93
2011,호원대학교,자연과학계열,715,30,4.2
2011,홍익대학교,공학계열,7413,193,2.6
2011,홍익대학교,기타,114,13,11.4
2011,홍익대학교,예체능계열,2877,30,1.04
2011,홍익대학교,인문사회계열,6252,141,2.26
2011,홍익대학교,자연과학계열,349,11,3.15
2011,홍익대학교(세종) _분교,공학계열,3915,212,5.42
2011,홍익대학교(세종) _분교,기타,81,5,6.17
2011,홍익대학교(세종) _분교,예체능계열,2476,50,2.02
2011,홍익대학교(세종) _분교,인문사회계열,2889,99,3.43
2011,홍익대학교(세종) _분교,자연과학계열,293,7,2.39
2011,화성의과학대학교,공학계열,69,4,5.8
2011,화성의과학대학교,예체능계열,77,1,1.3
2011,화성의과학대학교,의학계열,70,1,1.43
2011,화성의과학대학교,인문사회계열,730,66,9.04
2011,화성의과학대학교,자연과학계열,123,15,12.2
